slug,winery,name,vintage,type,source,source_url,notes,process_options
caymus-vineyards-caymus-napa-valley-cabernet-sauvignon-2023,Caymus Vineyards,Caymus Napa Valley Cabernet Sauvignon,2023,red,real,https://cityhive-production-cdn.cityhive.net/product_details/698edfa3053d7f266e55e3d0/primary_image/large.png,Gary's Wine & Marketplace product photo (CityHive CDN); label matches 2023 vintage exactly.,
stag-s-leap-wine-cellars-stag-s-leap-wine-cellars-artemis-cabernet-sauvignon-2021,Stag's Leap Wine Cellars,Stag's Leap Wine Cellars Artemis Cabernet Sauvignon,2021,red,real,https://images.commerce7.com/stags-leap-wine-cellars/images/large/artemis-nv_72-1756512058262-1774378329952.png,producer site; label shows no vintage year (current listing is 2023),
duckhorn-vineyards-duckhorn-napa-valley-cabernet-sauvignon-2022,Duckhorn Vineyards,Duckhorn Napa Valley Cabernet Sauvignon,2022,red,real,https://cdn.shopify.com/s/files/1/0668/2732/1418/files/OUTSHINERY-TheDuckhornPortfolio-Duckhorn-CabSauv-NapaValley-2022.png,producer site,
decoy-decoy-california-cabernet-sauvignon-2022,Decoy,Decoy California Cabernet Sauvignon,2022,red,real,https://cdn.shopify.com/s/files/1/0668/2732/1418/files/DC_CabSauv_BltSht_2023.png,producer site; label shows 2025 vintage,
austin-hope-austin-hope-cabernet-sauvignon-2022,Austin Hope,Austin Hope Cabernet Sauvignon,2022,red,real,https://hopefamilywines.com/wp-content/uploads/2026/02/ahcaboutshinery-mutfni-1752173135896.png,producer site; label has no printed vintage,
daou-daou-reserve-cabernet-sauvignon-2022,DAOU,DAOU Reserve Cabernet Sauvignon,2022,red,real,https://www.woodswholesalewine.com/cdn/shop/products/DaouRsvSq_1200x1200.jpg,distributor site (Woods Wholesale Wine); label has no printed vintage,
the-prisoner-wine-company-the-prisoner-red-blend-2022,The Prisoner Wine Company,The Prisoner Red Blend,2022,red,real,https://theprisonerwinecompany.com/cdn/shop/files/TPWC_RedBlend_2000x2000_f97ec76d-c54f-49fb-8e7a-a96c9350b10c.webp,"producer site; current listing is 2024 vintage, label has no printed vintage",
orin-swift-cellars-orin-swift-abstract-red-blend-2022,Orin Swift Cellars,Orin Swift Abstract Red Blend,2022,red,real,https://images.commerce7.com/orin-swift-cellars/images/large/1c0159f6ec391fbe214c81ed04fa407737ab5284-1778627793660.png,producer site,
ridge-vineyards-ridge-three-valleys-red-2022,Ridge Vineyards,Ridge Three Valleys Red,2022,red,real,https://www.ridgewine.com/wp-content/uploads/2024/02/22XTV-web.png,producer site; label shows 2022 exactly; plain black background,
seghesio-family-vineyards-seghesio-sonoma-zinfandel-2022,Seghesio Family Vineyards,Seghesio Sonoma Zinfandel,2022,red,real,https://www.seghesio.com/wp-content/uploads/2020/10/Seghesio-SonomaZin2022_1000x1000.jpg,producer site; label shows 2022 exactly; lifestyle background (wood table/grey wall) not plain white,
rombauer-vineyards-rombauer-chardonnay-2023,Rombauer Vineyards,Rombauer Chardonnay,2023,white,real,https://images.commerce7.com/rombauer-vineyards/images/original/carneros-chardonnay-1626388167907.png,producer site; label has no printed vintage,
cakebread-cellars-cakebread-chardonnay-2023,Cakebread Cellars,Cakebread Chardonnay,2023,white,real,https://images.commerce7.com/cakebread-cellars/images/original/chnv-nv-2048-x-2048-1775517740815.png,producer site; label has no printed vintage (current listing is 2023),
sonoma-cutrer-sonoma-cutrer-russian-river-ranches-chardonnay-2023,Sonoma-Cutrer,Sonoma-Cutrer Russian River Ranches Chardonnay,2023,white,real,https://www.sonomacutrer.com/cdn/shop/files/2024-sonoma-cutrer-russian-river-ranches-chardonnay-750ml.png,producer site; label shows 2024 vintage,
far-niente-far-niente-chardonnay-2023,Far Niente,Far Niente Chardonnay,2023,white,ai,higgsfield:job/131e416c-d77a-492d-a83a-182ec0791881,"flux_2 pro 1k (1 credit), white prompt; real photo not usable: only multi-bottle shots and a bottle-with-gift-box shot found on producer site; retailers blocked automated access",
duckhorn-vineyards-duckhorn-sauvignon-blanc-2023,Duckhorn Vineyards,Duckhorn Sauvignon Blanc,2023,white,real,https://cdn.shopify.com/s/files/1/0668/2732/1418/files/Duckhorn-50thAnniversary-SauvBlanc-NorthCoast-750ml-Front-2025-HD.png,producer site; current listing is 2025 50th Anniversary North Coast edition,model=birefnet-general
honig-vineyard-winery-honig-sauvignon-blanc-2023,Honig Vineyard & Winery,Honig Sauvignon Blanc,2023,white,ai,higgsfield:job/07c62da9-8615-4e3a-a7c5-58888d244b01,"flux_2 pro 1k (1 credit), white prompt; real photo not usable: producer product pages returned 404 (site restructured); retailer pages had no usable bottle image or blocked automated access",
meiomi-meiomi-pinot-noir-2023,Meiomi,Meiomi Pinot Noir,2023,red,real,https://www.meiomi.com/wp-content/uploads/2026/01/Meiomi-Wines-Pinot-Noir-copy.png,producer site; label has no printed vintage,
belle-glos-belle-glos-clark-telephone-vineyard-pinot-noir-2022,Belle Glos,Belle Glos Clark & Telephone Vineyard Pinot Noir,2022,red,real,https://belleglos.com/wp-content/uploads/2025/02/BG_NV_Pinot_Clarktelephone_72dpi_os_240x640.webp,producer site; label has no printed vintage,
la-crema-la-crema-sonoma-coast-pinot-noir-2023,La Crema,La Crema Sonoma Coast Pinot Noir,2023,red,real,https://www.lacrema.com/dw/image/v2/BFTR_PRD/on/demandware.static/-/Sites-jfw-master-catalog/default/dw7c014cb3/images/5002351/5002351_1.png,producer site; label has no printed vintage,
flowers-flowers-sonoma-coast-pinot-noir-2022,Flowers,Flowers Sonoma Coast Pinot Noir,2022,red,real,https://www.storyinabottlewines.com/cdn/shop/files/FlowersSonomaCoastPinotNoir.jpg,retailer site (Story in a Bottle Wines),
jordan-vineyard-winery-jordan-cabernet-sauvignon-2020,Jordan Vineyard & Winery,Jordan Cabernet Sauvignon,2020,red,real,https://www.woodswholesalewine.com/cdn/shop/products/JordanCabSQ_1200x1200.png,distributor site (Woods Wholesale Wine); label has no printed vintage; producer's own product image was a lifestyle scene with glass/food so used distributor image instead,
silver-oak-silver-oak-alexander-valley-cabernet-sauvignon-2020,Silver Oak,Silver Oak Alexander Valley Cabernet Sauvignon,2020,red,real,https://silveroak.com/cdn/shop/files/Shopify-PDP-2136x2136-21A750-Bottle-with-Background-Option-2.png,producer site; label shows 2021 vintage; scenic vineyard background composite (not plain),
justin-vineyards-winery-justin-isosceles-2021,JUSTIN Vineyards & Winery,JUSTIN Isosceles,2021,red,real,https://images.commerce7.com/justin-wine/images/large/jv_2021_750ml_isosceles_enhanced_2048-1706295014014.png,producer site; label shows 2021 exactly,
tablas-creek-vineyard-tablas-creek-esprit-de-tablas-rouge-2021,Tablas Creek Vineyard,Tablas Creek Esprit de Tablas Rouge,2021,red,real,https://assets.tablascreek.com/product-image/2021-Esprit-de-Tablas-Bottleshot.jpg,producer site; label shows 2021 exactly,
chateau-ste-michelle-dr-loosen-eroica-riesling-2022,Chateau Ste. Michelle & Dr. Loosen,Eroica Riesling,2022,white,real,https://images-us-prod.cms.commerce.dynamics.com/cms/api/mhtmhnbtbn/imageFileData/search?fileName=/Products%2F82855_000_001.png,producer site; label has no printed vintage (current listing is 2024),
domaine-serene-evenstad-reserve-pinot-noir-2021,Domaine Serene,Evenstad Reserve Pinot Noir,2021,red,real,https://images.domaineserene.com/production/images/bottle-shots/NV-Evenstad-Reserve-Pinot-Noir.png,producer site; label has no printed vintage,
argyle-argyle-pinot-noir-2022,Argyle,Argyle Pinot Noir,2022,red,real,https://images.commerce7.com/argyle-winery/images/original/2024-wv-pinot-noir-1779219143600.png,producer site; label shows 2024 vintage (current listing),
a-to-z-wineworks-a-to-z-wineworks-pinot-noir-2022,A to Z Wineworks,A to Z Wineworks Pinot Noir,2022,red,real,https://www.marketviewliquor.com/mm5/graphics/00000001/ATOZPINOTNOIR.jpg,retailer packshot,
king-estate-king-estate-willamette-valley-pinot-gris-2023,King Estate,King Estate Willamette Valley Pinot Gris,2023,white,real,https://kingestate.com/wp-content/uploads/KingEstate-PinotGRIS.png,producer site,
willamette-valley-vineyards-willamette-valley-vineyards-whole-cluster-pinot-noir-2022,Willamette Valley Vineyards,Willamette Valley Vineyards Whole Cluster Pinot Noir,2022,red,real,https://images.commerce7.com/willamette-valley-vineyards/images/large/wvv-wholecluster-pinotnoir-2024-edit-edit-1778614839833.png,producer site; label shows 2024,
elk-cove-vineyards-elk-cove-willamette-valley-pinot-noir-2022,Elk Cove Vineyards,Elk Cove Willamette Valley Pinot Noir,2022,red,real,https://www.astorwines.com/images/items/61128.jpg,retailer packshot,
cristom-vineyards-cristom-mt-jefferson-cuvee-pinot-noir-2022,Cristom Vineyards,Cristom Mt. Jefferson Cuvée Pinot Noir,2022,red,real,https://kegnbottle.com/cdn/shop/files/cristom-mt-jefferson-cuvee-pinot-noir-keg-n-bottle-147826.png?v=1741198341,retailer packshot,
chateau-ste-michelle-columbia-valley-riesling-2023,Chateau Ste. Michelle,Columbia Valley Riesling,2023,white,real,https://images-us-prod.cms.commerce.dynamics.com/cms/api/mhtmhnbtbn/imageFileData/MAIQZr,producer site,
charles-smith-wines-kung-fu-girl-riesling-2023,Charles Smith Wines,Kung Fu Girl Riesling,2023,white,real,https://images.squarespace-cdn.com/content/v1/69960e47d662b3384ae00e39/22352c2e-08db-4229-ab69-ac4d92a9c158/CSW_2023_KungFuGirl_Riesling_Front.png,producer site,
substance-substance-cabernet-sauvignon-2022,Substance,Substance Cabernet Sauvignon,2022,red,real,https://www.triphammerwines.com/cdn/shop/files/18474500300_798x965.jpg?v=1705011598,retailer packshot,
l-ecole-no-41-l-ecole-no-41-columbia-valley-cabernet-sauvignon-2021,L'Ecole No. 41,L'Ecole No. 41 Columbia Valley Cabernet Sauvignon,2021,red,real,https://www.lecole.com/wp-content/uploads/2023/10/CSC21C-260X780.png,producer site,
delille-cellars-d2-estate-red-2021,DeLille Cellars,D2 Estate Red,2021,red,real,https://images.commerce7.com/delille-cellars1/images/large/2023-d2-bs-1773434441904.png,producer site; label shows 2023,
k-vintners-motor-city-kitty-syrah-2021,K Vintners,Motor City Kitty Syrah,2021,red,ai,higgsfield:job/f9c1098e-618f-4ab6-8c1b-bd2309030108,"flux_2 pro 1k (1 credit), red prompt; real photo not usable: only label closeups found no whole-bottle shot",
hedges-family-estate-cms-red-2021,Hedges Family Estate,CMS Red,2021,red,real,https://www.winetransit.com/media/catalog/product/h/e/hedges_CMS_red_17_750.png,source_url retailer page; label shows 2017,
charles-smith-wines-boom-boom-syrah-2022,Charles Smith Wines,Boom Boom Syrah,2022,red,real,https://images.squarespace-cdn.com/content/v1/69960e47d662b3384ae00e39/02d290c1-e41e-4618-9020-6f00ccb89474/CSW_2021_BoomBoom_Syrah_Front.png,producer site; label shows 2021,
chateau-de-beaucastel-chateau-de-beaucastel-chateauneuf-du-pape-2021,Château de Beaucastel,Château de Beaucastel Châteauneuf-du-Pape,2021,red,real,https://www.beaucastel.com/cdn/shop/files/BEAUCASTEL_ROUGE_2021_9.16.jpg?v=1765533857&width=1200,producer site,
e-guigal-e-guigal-cotes-du-rhone-rouge-2021,E. Guigal,E. Guigal Côtes-du-Rhône Rouge,2021,red,real,https://vintus.com/wp-content/uploads/2023/08/00100100NV.png,importer site (vintus),
m-chapoutier-m-chapoutier-belleruche-cotes-du-rhone-rouge-2022,M. Chapoutier,M. Chapoutier Belleruche Côtes-du-Rhône Rouge,2022,red,real,https://www.chapoutier.com/media/cache/Boutique/Packshot/MC/p/a/packshot_belleruche_rouge_297x1000.png,producer site,
louis-jadot-louis-jadot-bourgogne-pinot-noir-2022,Louis Jadot,Louis Jadot Bourgogne Pinot Noir,2022,red,real,https://lovejadot.com/wp-content/uploads/2020/10/ljj_pinot_noir_bourgogneHR-1.png,producer site,
louis-jadot-louis-jadot-pouilly-fuisse-2022,Louis Jadot,Louis Jadot Pouilly-Fuissé,2022,white,real,https://lovejadot.com/wp-content/uploads/2020/10/ljj_pouilly_fuisse_btlHR-1.jpg,producer site,
joseph-drouhin-joseph-drouhin-chablis-2022,Joseph Drouhin,Joseph Drouhin Chablis,2022,white,real,https://www.drouhin.com/media/cache/resolve/bouteille/e4/3a/69da9f0483d2bf756b51954fd75a.png,producer site drouhin.com; exact 2022 vintage,
william-fevre-william-fevre-chablis-domaine-2022,William Fèvre,William Fèvre Chablis Domaine,2022,white,real,https://kegnbottle.com/cdn/shop/products/domaine-william-fevre-chablis-750ml-keg-n-bottle-410158.png?v=1741214698,retailer packshot,
chateau-d-esclans-chateau-d-esclans-whispering-angel-rose-2023,Château d'Esclans,Château d'Esclans Whispering Angel Rosé,2023,rosé,real,https://aem.lcbo.com/content/dam/lcbo/products/3/2/5/0/325076.jpg.thumb.960.960.png,retailer packshot; label shows 2022,
miraval-miraval-rose-2023,Miraval,Miraval Rosé,2023,rosé,real,https://cdn.vin.co/_clients_folder/perrin/Miraval_Cotes_de_Provence_Rose_1722845517_640.png,producer site,
gerard-bertrand-cote-des-roses-rose-2023,Gérard Bertrand,Côte des Roses Rosé,2023,rosé,real,https://www.gerard-bertrand.com/cdn/shop/files/Cote_des_roses_rose_Bouteilles_75cl.jpg?v=1772010655&width=2048,producer site,
chateau-la-nerthe-chateau-la-nerthe-chateauneuf-du-pape-rouge-2020,Château La Nerthe,Château La Nerthe Châteauneuf-du-Pape Rouge,2020,red,real,https://perrineswine.com/cdn/shop/files/IMG_0010_70475285-32f0-42c2-ac82-8487332c7820.png?v=1699983532,retailer packshot,
famille-perrin-famille-perrin-reserve-cotes-du-rhone-rouge-2022,Famille Perrin,Famille Perrin Réserve Côtes du Rhône Rouge,2022,red,real,https://us.familleperrin.com/cdn/shop/files/CDRReserveRougeScrewCap.png?v=1746439335&width=2048,producer site,
chateau-greysac-chateau-greysac-medoc-2019,Château Greysac,Château Greysac Médoc,2019,red,real,https://www.chateaugreysac.com/wp-content/uploads/2022/11/chateau-greysac-red-2019.png,producer site,
chateau-gloria-chateau-gloria-saint-julien-2019,Château Gloria,Château Gloria Saint-Julien,2019,red,real,https://static.millesima.com/s3/attachements/h1000px/1136_2014NM_c.png,retailer packshot,
chateau-lanessan-chateau-lanessan-haut-medoc-2019,Château Lanessan,Château Lanessan Haut-Médoc,2019,red,real,https://www.saratogawine.com/wp-content/uploads/2024/01/eed2a52-0-0.png,retailer packshot,
maison-trimbach-trimbach-riesling-2022,Maison Trimbach,Trimbach Riesling,2022,white,real,https://static.wixstatic.com/media/cd9e06_7a57f6e2a3b244bf9a1d85c98d97d60f~mv2.jpg,producer site; label shows 2020,
hugel-hugel-classic-gewurztraminer-2022,Hugel,Hugel Classic Gewürztraminer,2022,white,real,https://cdn.vin.co/_clients_folder/hugel/HUGEL_CLASSIC_GEWURZTRAMINER_NV_1609943491_640.jpg,producer site,
lucien-albrecht-lucien-albrecht-cremant-d-alsace-brut-2022,Lucien Albrecht,Lucien Albrecht Crémant d'Alsace Brut,2022,sparkling,real,https://www.lucien-albrecht.com/wp-content/uploads/2024/12/LUCIEN_ALBRECHT_Cremant_brut3.png,producer site,
veuve-clicquot-veuve-clicquot-yellow-label-brut-2025,Veuve Clicquot,Veuve Clicquot Yellow Label Brut,2025,sparkling,real,https://www.veuveclicquot.com/on/demandware.static/-/Sites-mh-master/default/dw3c43f571/images/large/veuve_clicquot/packshots/111111691-yellow-label-new-identity.png,"Official veuveclicquot.com product photo; NV Champagne (no vintage printed on label), manifest vintage field is not label-accurate for this NV wine.",
moet-chandon-moet-chandon-imperial-brut-2025,Moët & Chandon,Moët & Chandon Impérial Brut,2025,sparkling,real,https://www.moet.com/sites/default/files/2024-01/Moet-imperial-Bottle.png,producer site,
marchesi-antinori-marchesi-antinori-tignanello-2021,Marchesi Antinori,Marchesi Antinori Tignanello,2021,red,real,https://www.antinori.it/wp-content/uploads/2014/01/Tignanello_Ver2.jpg,producer site,
marchesi-antinori-antinori-peppoli-chianti-classico-2022,Marchesi Antinori,Antinori Peppoli Chianti Classico,2022,red,real,https://www.antinori.it/wp-content/uploads/2018/06/Peppoli_2019.png,producer site,
ruffino-ruffino-riserva-ducale-oro-chianti-classico-gran-selezione-2019,Ruffino,Ruffino Riserva Ducale Oro Chianti Classico Gran Selezione,2019,red,real,https://www.ruffino.it/cdn/shop/files/RiservaDucaleOro_1_1000x.png,producer site,
banfi-castello-banfi-brunello-di-montalcino-2019,Banfi,Castello Banfi Brunello di Montalcino,2019,red,real,https://banfiusa.com/wp-content/uploads/2022/06/CB-Brunello-2025-New-Label-1.png,producer site; current label art may differ slightly from 2019,
altesino-altesino-brunello-di-montalcino-2019,Altesino,Altesino Brunello di Montalcino,2019,red,real,https://www.altesino.it/wp-content/uploads/2019/07/brunello-2010.png,producer site,
vietti-vietti-barolo-castiglione-2020,Vietti,Vietti Barolo Castiglione,2020,red,real,https://www.superiore.de/out/pictures/generated/product/1/05242420/normal/xl/vietti-piemont-barolo-castiglione-docg-2020-05242420.jpg,retailer (superiore.de),
pio-cesare-pio-cesare-barolo-2020,Pio Cesare,Pio Cesare Barolo,2020,red,real,https://www.piocesare.it/wp-content/uploads/barolo-pio-pio-cesare.png,producer site,
zenato-zenato-amarone-della-valpolicella-classico-2019,Zenato,Zenato Amarone della Valpolicella Classico,2019,red,real,https://www.zenato.it/wp-content/uploads/2024/08/ZEN_amarone-classico-846x1024.jpg,producer site; soft studio backdrop not pure white,
allegrini-allegrini-palazzo-della-torre-2021,Allegrini,Allegrini Palazzo della Torre,2021,red,real,https://allegrini.it/wp-content/uploads/2022/03/palazzo-della-torre_big.png,producer site,
santa-margherita-santa-margherita-pinot-grigio-2023,Santa Margherita,Santa Margherita Pinot Grigio,2023,white,real,https://www.santamargherita.com/images/prodotti/bianchi/pinot_grigio_valdadige/Pinot-Grigio-Valdadige-DOC---Vini-Tradizione.png,producer site,
jermann-jermann-pinot-grigio-2023,Jermann,Jermann Pinot Grigio,2023,white,real,https://www.jermann.it/download/prodotti/52_intera.jpg,producer site; label shows 2020,
la-scolca-la-scolca-gavi-dei-gavi-black-label-2022,La Scolca,La Scolca Gavi dei Gavi Black Label,2022,white,real,https://www.lascolca.net/wp-content/uploads/2017/09/gavi-dei-gavi-la-scolca-105-200x684-1.jpg,producer site; label shows 1919-2019 centenary edition,
masi-masi-campofiorin-rosso-del-veronese-2020,Masi,Masi Campofiorin Rosso del Veronese,2020,red,real,https://media.masi.it/media/media/bvahrjjx/bottleshot.png,producer site,
frescobaldi-frescobaldi-nipozzano-chianti-rufina-riserva-2020,Frescobaldi,Frescobaldi Nipozzano Chianti Rufina Riserva,2020,red,real,https://www.frescobaldi.com/images/thumbs/0003835_nipozzano-riserva.png,producer site; label shows 2023 riserva,
bisol-bisol-jeio-prosecco-brut-2023,Bisol,Bisol Jeio Prosecco Brut,2023,sparkling,real,https://images.salsify.com/images/tgdh18vwqodtlzm4txo7/Jeio%20NV%20Brut%20Prosecco%20DOC.png,importer (Wilson Daniels) asset; NV DOC label,
marques-de-riscal-marques-de-riscal-rioja-reserva-2019,Marqués de Riscal,Marqués de Riscal Rioja Reserva,2019,red,real,https://www.marquesderiscal.com/public/Image/2024/6/1718621097reservapginavino.png,producer site,
la-rioja-alta-la-rioja-alta-vina-alberdi-reserva-tinto-2020,La Rioja Alta,La Rioja Alta Viña Alberdi Reserva Tinto,2020,red,real,https://cityhive-production-cdn.cityhive.net/products/56c686d069702d26fb0c0000/large.jpg,retailer (Bottle King); label shows 2007 vintage,
cvne-cvne-imperial-reserva-rioja-2019,CVNE,CVNE Imperial Reserva Rioja,2019,red,real,https://cvne.com/wp-content/uploads/2021/03/vino-imperial-reserva.png,producer site,
bodegas-muga-bodegas-muga-reserva-2020,Bodegas Muga,Bodegas Muga Reserva,2020,red,real,https://www.bodegasmuga.com/wp-content/uploads/b_muga_reserva.png,producer site,
bodegas-juan-gil-bodegas-juan-gil-silver-label-monastrell-2021,Bodegas Juan Gil,Bodegas Juan Gil Silver Label Monastrell,2021,red,real,https://www.saratogawine.com/wp-content/uploads/2024/01/f940e03-0-0.png,retailer (Saratoga Wine),
emilio-moro-emilio-moro-ribera-del-duero-2021,Emilio Moro,Emilio Moro Ribera del Duero,2021,red,real,https://www.emiliomoro.com/wp-content/uploads/2024/08/NV_250x620px_75cl_EMILIO-MORO.png,producer site,
numanthia-numanthia-termes-2021,Numanthia,Numanthia Termes,2021,red,real,https://www.numanthia.com/sites/default/files/styles/wine_thumbnail/public/node/wine/field_bottle/BodegaNumanthia-Termes-NoVintage-75-NK-W_1.png.webp,producer site,
martin-codax-martin-codax-albarino-2023,Martín Códax,Martín Códax Albariño,2023,white,real,https://tienda.martincodax.com/cdn/shop/files/MARTIN_CODAX_1024x1024.jpg?v=1683548174,producer shop site,
graham-s-graham-s-10-year-old-tawny-port-2016,Graham's,Graham's 10 Year Old Tawny Port,2016,fortified,real,https://www.grahams-port.com/thumb/530_530_1/wine/10-years-old_img_bottle_10_1789996119.jpg,producer site,
taylor-fladgate-taylor-fladgate-10-year-old-tawny-port-2016,Taylor Fladgate,Taylor Fladgate 10 Year Old Tawny Port,2016,fortified,real,https://www.taylor.pt/content/uploads/maingallery/crops/5314_crop_1737723368.png,producer site,
catena-zapata-catena-malbec-2022,Catena Zapata,Catena Malbec,2022,red,real,https://finewinecellars.us/cdn/shop/files/catenamalbec2022.jpg?v=1726095277,retailer photo; brick background not plain but single bottle front-on,
catena-zapata-catena-alta-malbec-2021,Catena Zapata,Catena Alta Malbec,2021,red,real,https://cdn11.bigcommerce.com/s-0ddlsmhg83/images/stencil/836x836/products/993/1219/catena-alta-historic-rows-malbec__30243.1770498018.jpg?c=1,retailer photo,
el-enemigo-el-enemigo-malbec-2021,El Enemigo,El Enemigo Malbec,2021,red,real,https://www.bswliquor.com/cdn/shop/files/El_Enemigo_Malbec.jpg?v=1776889385&width=1200,retailer photo shows 2022 vintage,
luigi-bosca-luigi-bosca-malbec-2022,Luigi Bosca,Luigi Bosca Malbec,2022,red,real,https://finewinecellars.us/cdn/shop/files/luigibosca2022_1024x1024.jpg?v=1723808660,retailer photo; brick background but single bottle front-on; label shows 2022,
zuccardi-zuccardi-q-malbec-2022,Zuccardi,Zuccardi Q Malbec,2022,red,real,https://winechateau.com/cdn/shop/products/Zuccardi-Q-Malbec-2020.jpg?v=1746074315&width=1945,retailer photo; vintage not printed on label,
bodega-norton-bodega-norton-reserva-malbec-2022,Bodega Norton,Bodega Norton Reserva Malbec,2022,red,real,https://shop.norton.com.ar/cdn/shop/files/Norton_reserva_malbec_2022_1000x1000_80ef9356-9918-4f33-83fa-a5ceb06dbbc2.png,producer shop site; label shows 2022,
concha-y-toro-marques-de-casa-concha-cabernet-sauvignon-2021,Concha y Toro,Marques de Casa Concha Cabernet Sauvignon,2021,red,real,https://marquesdecasaconcha.com/wp-content/uploads/2024/06/BS_MCC_CS_l.png,producer site; label shows 2021,
montes-montes-alpha-series-cabernet-sauvignon-2021,Montes,Montes Alpha Series Cabernet Sauvignon,2021,red,real,https://www.monteswines.com/images/vinos/botella/img_botella_alpha_cs.png,producer site,
lapostolle-lapostolle-cuvee-alexandre-carmenere-2021,Lapostolle,Lapostolle Cuvée Alexandre Carmenère,2021,red,real,https://winebow-files.s3.amazonaws.com/public/styles/bottleshot_detail/public/2022-09/Lapostolle_Cuvee%20Carm%20Gen_HR_0.jpg,distributor (Winebow) photo; vintage not printed on label,
errazuriz-errazuriz-max-reserva-cabernet-sauvignon-2021,Errázuriz,Errázuriz Max Reserva Cabernet Sauvignon,2021,red,real,https://www.winedirect.co.uk/image/cache/catalog/errazuriz-max-reserva-cab-sauv-popup.jpg?v1592583513,source_url retailer page,
penfolds-penfolds-bin-389-cabernet-shiraz-2021,Penfolds,Penfolds Bin 389 Cabernet Shiraz,2021,red,real,https://www.saratogawine.com/wp-content/uploads/2024/01/f29daab-0-0.png,retailer sample image; label shows 2018 vintage,
mollydooker-mollydooker-the-boxer-shiraz-2022,Mollydooker,Mollydooker The Boxer Shiraz,2022,red,real,https://mollydookerwines.com.au/wp-content/themes/ma-mollydooker-theme/assets/images/figures/figure-bottle-boxer.png,producer site; vintage not printed on label,
cloudy-bay-cloudy-bay-sauvignon-blanc-2023,Cloudy Bay,Cloudy Bay Sauvignon Blanc,2023,white,real,https://api.cloudybay.com/sites/default/files/2023-10/cloudy-bay-wine-sauvignon-2023-product-gallery.png,producer site; decorative graphic background (not plain) but label shows exact 2023 vintage,flatten model=birefnet-general
kim-crawford-kim-crawford-sauvignon-blanc-2023,Kim Crawford,Kim Crawford Sauvignon Blanc,2023,white,real,https://www.kimcrawfordwines.com/cdn/shop/files/High_ResPNG-KimCrawford2023SauvignonBlanc750mlFrontBottleShot.png,producer site; label shows exact 2023 vintage,
loosen-bros-loosen-bros-dr-l-riesling-2023,Loosen Bros.,Loosen Bros. Dr. L Riesling,2023,white,real,https://loosenbrosusa.com/wp-content/uploads/2025/11/Loosen-Bros-Dr-L-Riesling-2024-Bottle-scaled.png,producer (US importer) site; label shows 2024 vintage,
paolo-saracco-saracco-moscato-d-asti-2025,Paolo Saracco,Saracco Moscato d'Asti,2025,sparkling,real,http://www.paolosaracco.it/images/moscatobt.jpg,producer site; vintage not printed on label,
michele-chiarlo-michele-chiarlo-nivole-moscato-d-asti-2025,Michele Chiarlo,Michele Chiarlo Nivole Moscato d'Asti,2025,sparkling,real,https://buywinesonline.com/cdn/shop/products/MicheleChiarloNivoleMoscatod_Asti2020.jpg?v=1685548173&width=1065,retailer photo; vintage not printed on label,largest-component
la-spinetta-la-spinetta-bricco-quaglia-moscato-d-asti-2025,La Spinetta,La Spinetta Bricco Quaglia Moscato d'Asti,2025,sparkling,real,https://www.la-spinetta.com/wp-content/uploads/2020/07/la-spinetta-moscato-d-asti-docg-bricco-quaglia.jpg,producer site; vintage not printed on label,
elio-perrone-elio-perrone-sourgal-moscato-d-asti-2025,Elio Perrone,Elio Perrone Sourgal Moscato d'Asti,2025,sparkling,real,https://guildfordgreen.com/cdn/shop/files/ElioPerrone-SourgalMoscato_2_560x700.jpg?v=1748375339,retailer photo; label shows 2023 vintage,
marenco-marenco-scrapona-moscato-d-asti-2024,Marenco,Marenco Scrapona Moscato d'Asti,2024,sparkling,real,https://shop.marencovini.com/wp-content/uploads/2020/02/marenco_vini_shop_scrapona-1.jpg,producer site,
risata-risata-moscato-d-asti-2024,Risata,Risata Moscato d'Asti,2024,sparkling,real,https://www.risatawines.com/wp-content/uploads/2024/09/MDA_750.jpg,producer site,
bartenura-bartenura-moscato-nv,Bartenura,Bartenura Moscato,,white,real,https://www.bartenurawines.com/media/catalog/product/m/o/moscato_dasti_1_.jpg,producer site,
seven-daughters-seven-daughters-moscato-2024,Seven Daughters,Seven Daughters Moscato,2024,white,real,https://target.scene7.com/is/image/Target/GUEST_542eb0a9-a1db-46c8-95b2-c055381ab9d1?wid=1200&hei=1200&fmt=pjpeg,Target retailer; producer site logo image only had no bottle,
barefoot-barefoot-moscato-nv,Barefoot,Barefoot Moscato,,white,real,https://www.barefootwine.com/dw/image/v2/bfwt_prd/on/demandware.static/-/Sites-barefoot-Library/default/dw9a4ed4bd/2025%20Refresh/PDP/PDP%20Hero_Mosc_Desk_1600.jpg,producer site,
yellow-tail-yellow-tail-moscato-nv,[yellow tail],[yellow tail] Moscato,,white,real,https://www.yellowtailwine.com/wp-content/uploads/formidable/26/USMoscato-600x1750px.png,producer site,
castello-del-poggio-castello-del-poggio-moscato-nv,Castello del Poggio,Castello del Poggio Moscato,,white,real,https://castellodelpoggio.com/wp-content/uploads/2023/04/Moscato-SG-Bottle-RGB.png,producer site; solid green background not plain but single bottle front-on,
stella-rosa-stella-rosa-moscato-d-asti-2024,Stella Rosa,Stella Rosa Moscato d'Asti,2024,sparkling,real,https://bevmo.com/cdn/shop/files/0af03a90-bec9-47da-8c83-b8297079d42f-padded_0e0e8437-58cd-42c3-a7ea-bed26888db8e.png?v=1776348378,retailer photo; vintage not printed on label,
braida-braida-brachetto-d-acqui-2024,Braida,Braida Brachetto d'Acqui,2024,sparkling,real,https://flaskfinewines.com/cdn/shop/files/1302c1c2635e52cc98a68e82de5b05ea.jpg,retailer (flask); vintage not confirmed on label,
marenco-marenco-pineto-brachetto-d-acqui-2025,Marenco,Marenco Pineto Brachetto d'Acqui,2025,sparkling,real,https://shop.marencovini.com/wp-content/uploads/2020/02/marenco_vini_shop_pineto.jpg,producer site,
medici-ermete-medici-ermete-quercioli-reggiano-sweet-nv,Medici Ermete,Medici Ermete Quercioli Reggiano Sweet,,sparkling,real,https://www.medici.it/wp-content/uploads/2015/03/lambrusco-reggiano-sweet-quercioli.png,producer site,
medici-ermete-medici-ermete-quercioli-rosato-sweet-nv,Medici Ermete,Medici Ermete Quercioli Rosato Sweet,,sparkling,real,https://www.medici.it/wp-content/uploads/2015/03/lambrusco-rose-sweet-quercioli.png,producer site,
medici-ermete-medici-ermete-quintessenza-malvasia-spumante-sweet-nv,Medici Ermete,Medici Ermete Quintessenza Malvasia Spumante Sweet,,sparkling,real,https://www.medici.it/wp-content/uploads/2015/03/quintessenza-spumante-dolce-2.png,producer site,
riunite-riunite-lambrusco-emilia-igt-nv,Riunite,Riunite Lambrusco Emilia IGT,,sparkling,real,https://www.riunite.it/wp-content/uploads/2026/08/Lambrusco_Emilia_amabile.png,producer site; label Amabile,
riunite-riunite-lambrusco-rose-emilia-igt-nv,Riunite,Riunite Lambrusco Rosé Emilia IGT,,sparkling,real,https://www.riunite.it/wp-content/uploads/2015/03/Emilia_Rosato.png,producer site; label Semisecco,flatten model=birefnet-general
bartenura-bartenura-malvasia-nv,Bartenura,Bartenura Malvasia,,red,real,https://www.bartenurawines.com/media/catalog/product/b/a/bartenura-malvasia-15434-small-76301c155ca03aedc83fbbba6979152b7c290605.jpg,producer site,
schloss-johannisberg-schloss-johannisberg-gelblack-riesling-feinherb-2025,Schloss Johannisberg,Schloss Johannisberg Gelblack Riesling Feinherb,2025,white,real,https://schloss-johannisberg.de/app/uploads/2025-Gelblack-fh_Longcap.png,"Official schloss-johannisberg.de product photo, standard 0.75L Feinherb bottle (full-size, stripped -150x415 WordPress thumbnail suffix); label shows 2025 vintage, matches.",
schloss-johannisberg-schloss-johannisberg-rotlack-riesling-kabinett-2024,Schloss Johannisberg,Schloss Johannisberg Rotlack Riesling Kabinett,2024,white,real,https://schloss-johannisberg.de/app/uploads/2024-Rotlack_Kabinett.png,producer shop category page; label vintage may differ slightly,
schloss-johannisberg-schloss-johannisberg-grunlack-riesling-spatlese-2023,Schloss Johannisberg,Schloss Johannisberg Grünlack Riesling Spätlese,2023,white,real,https://schloss-johannisberg.de/app/uploads/2022-Gruenlack-075L-217x600x72.png,producer shop category page; label vintage may differ slightly,
schloss-johannisberg-schloss-johannisberg-rosalack-riesling-auslese-2023,Schloss Johannisberg,Schloss Johannisberg Rosalack Riesling Auslese,2023,dessert,real,https://schloss-johannisberg.de/app/uploads/07_2023-Rosalack-0_75.png,producer shop category page; 0.75L bottle,
schloss-johannisberg-schloss-johannisberg-purpurlack-riesling-beerenauslese-2023,Schloss Johannisberg,Schloss Johannisberg Purpurlack Riesling Beerenauslese,2023,dessert,real,https://schloss-johannisberg.de/app/uploads/2023-Purpurlack-0_375.png,producer shop category page; half bottle (dessert wine),
schloss-johannisberg-schloss-johannisberg-blaulack-riesling-trockenbeerenauslese-2023,Schloss Johannisberg,Schloss Johannisberg Blaulack Riesling Trockenbeerenauslese,2023,dessert,real,https://schloss-johannisberg.de/app/uploads/2023-Blaulack-web-shop-formatiert.png,producer shop category page; half bottle (dessert wine),
schloss-johannisberg-schloss-johannisberg-violettlack-riesling-eiswein-2018,Schloss Johannisberg,Schloss Johannisberg Violettlack Riesling Eiswein,2018,dessert,real,https://schloss-johannisberg.de/app/uploads/2018-Eiswein.png,producer shop category page; half bottle (dessert wine); exact 2018 vintage match,
fritz-haag-fritz-haag-brauneberger-juffer-riesling-kabinett-2024,Fritz Haag,Fritz Haag Brauneberger Juffer Riesling Kabinett,2024,white,real,https://weingut-fritz-haag.de/wp-content/uploads/2020/12/xx03-Brauneberger-Juffer-Kabinett.png,producer site,
fritz-haag-fritz-haag-brauneberger-juffer-riesling-spatlese-2024,Fritz Haag,Fritz Haag Brauneberger Juffer Riesling Spätlese,2024,white,real,https://weingut-fritz-haag.de/wp-content/uploads/2020/12/xx05-Brauneberger-Juffer-Riesling-Spätlese.png,producer site,
fritz-haag-fritz-haag-brauneberger-juffer-sonnenuhr-riesling-spatlese-2024,Fritz Haag,Fritz Haag Brauneberger Juffer Sonnenuhr Riesling Spätlese,2024,white,real,https://weingut-fritz-haag.de/wp-content/uploads/2020/12/xx06-Brauneberger-Juffer-Sonnenuhr-Riesling-Spätlese.png,producer site,
fritz-haag-fritz-haag-brauneberger-juffer-riesling-auslese-2024,Fritz Haag,Fritz Haag Brauneberger Juffer Riesling Auslese,2024,dessert,real,https://weingut-fritz-haag.de/wp-content/uploads/2020/12/xx20-Brauneberger-Juffer-Riesling-Auslese.png,producer site,
fritz-haag-fritz-haag-brauneberger-juffer-sonnenuhr-riesling-auslese-2024,Fritz Haag,Fritz Haag Brauneberger Juffer Sonnenuhr Riesling Auslese,2024,dessert,real,https://weingut-fritz-haag.de/wp-content/uploads/2020/12/xx06-Brauneberger-Juffer-Sonnenuhr-Riesling-Auslese.png,producer site,
donnhoff-donnhoff-oberhauser-brucke-riesling-spatlese-2025,Dönnhoff,Dönnhoff Oberhäuser Brücke Riesling Spätlese,2025,white,real,https://shop.doennhoff.com/media/catalog/product/cache/324fff9c804bd6f403face0ab2cc242e/2/5/2545.png,producer site,
dr-loosen-dr-loosen-blue-slate-riesling-kabinett-2023,Dr. Loosen,Dr. Loosen Blue Slate Riesling Kabinett,2023,white,real,https://www.saratogawine.com/wp-content/uploads/2024/01/1aedc99-0-0.jpg,retailer photo; label matches exact 2023 vintage (Mosel back label),
maximin-grunhaus-maximin-grunhaus-herrenberg-riesling-spatlese-2018,Maximin Grünhaus,Maximin Grünhaus Herrenberg Riesling Spätlese,2018,white,real,https://loosenbrosusa.com/wp-content/uploads/2023/05/Maximin-Grunhaus-Herrenberg-Spatlese-2020-Bottle.png,producer/importer (Loosen Bros USA) site; label shows 2020 vintage,
relax-relax-riesling-nv,RELAX,RELAX Riesling,,white,real,https://relaxwines.com/wp-content/uploads/sites/3/2022/06/Relax_Riesling.png,producer site,
willi-schaefer-willi-schaefer-graacher-himmelreich-riesling-kabinett-2025,Willi Schaefer,Willi Schaefer Graacher Himmelreich Riesling Kabinett,2025,white,real,https://bottleofitaly.com/cdn/shop/files/Graacher-Himmelreich-Riesling-Kabinett-Willi-Schaefer-bottle-of-italy.jpg?v=1706793101,retailer bottleofitaly.com; label shows no printed vintage; small watermark corner,
willi-schaefer-willi-schaefer-graacher-domprobst-riesling-kabinett-03-2025,Willi Schaefer,Willi Schaefer Graacher Domprobst Riesling Kabinett #03,2025,white,real,https://bottlehero.com/cdn/shop/files/WilliSchaeferDomprobstKabinett2022.png,retailer bottlehero.com; label shows 2022,
willi-schaefer-willi-schaefer-graacher-himmelreich-riesling-spatlese-2025,Willi Schaefer,Willi Schaefer Graacher Himmelreich Riesling Spätlese,2025,white,real,https://bottleofitaly.com/cdn/shop/files/Graacher-Himmelreich-Riesling-Spatlese-Willi-Schaefer-bottle-of-italy.jpg,retailer bottleofitaly.com; label shows no printed vintage; small watermark corner,
willi-schaefer-willi-schaefer-graacher-domprobst-riesling-spatlese-05-2025,Willi Schaefer,Willi Schaefer Graacher Domprobst Riesling Spätlese #05,2025,white,real,https://bottleofitaly.com/cdn/shop/files/graacher-domprobst-riesling-spatlese-5-willi-schaefer-bottle-of-italy.jpg?v=1727165567,retailer bottleofitaly.com; label shows 2022,
chateau-d-yquem-chateau-d-yquem-2023,Château d'Yquem,Château d'Yquem,2023,dessert,real,https://2023.yquem.fr/assets/bottle-BLf0Qp8T.jpeg,"Official 2023.yquem.fr vintage microsite bottle photo; label shows 2023 vintage, matches.; a89e80e hand-cropped a table reflection touching the base; not reproducible on rerun (a fresh cutout of this source no longer shows the reflection, so no crop box could be verified against the actual defect) -- locked instead of guessing",locked
chateau-suduiraut-chateau-suduiraut-2021,Château Suduiraut,Château Suduiraut,2021,dessert,real,https://static.millesima.com/s3/attachements/h1000px/1086_2013NM_c.png,"retailer (millesima), 750px packshot",
chateau-rieussec-chateau-rieussec-2021,Château Rieussec,Château Rieussec,2021,dessert,real,https://static.millesima.com/s3/attachements/h1000px/1090_2018NM_c.png,"retailer (millesima); classic bottle (2018 packshot, no vintage on label) - the redesigned bottle's cork tag read as clutter",
chateau-coutet-chateau-coutet-2024,Château Coutet,Château Coutet,2024,dessert,real,https://static.millesima.com/s3/attachements/h531px/1087_2015NM_c.png,retailer (millesima),
chateau-climens-chateau-climens-2023,Château Climens,Château Climens,2023,dessert,real,https://chateau-climens.com/wp-content/uploads/2024/02/Packshot-Chateau-Climens.png,producer site; label shows 2013,
chateau-guiraud-chateau-guiraud-2021,Château Guiraud,Château Guiraud,2021,dessert,real,https://static.millesima.com/s3/attachements/h1000px/1089_2015NM_c.png,"retailer (millesima), 750px packshot",
chateau-doisy-daene-chateau-doisy-daene-2022,Château Doisy-Daëne,Château Doisy-Daëne,2022,dessert,real,https://static.millesima.com/s3/attachements/h531px/1094_2010NM_c.png,retailer (millesima),
chateau-lafaurie-peyraguey-chateau-lafaurie-peyraguey-2022,Château Lafaurie-Peyraguey,Château Lafaurie-Peyraguey,2022,dessert,real,https://static.millesima.com/s3/attachements/h531px/1084_2022NM_c.png,retailer (millesima); label shows 2021,
chateau-de-fargues-chateau-de-fargues-2022,Château de Fargues,Château de Fargues,2022,dessert,real,https://static.millesima.com/s3/attachements/h1000px/1188_2015NM_c.png,"retailer (millesima), 750px packshot",
chateau-bastor-lamontagne-chateau-bastor-lamontagne-2019,Château Bastor-Lamontagne,Château Bastor-Lamontagne,2019,dessert,real,https://static.millesima.com/s3/attachements/h1000px/1186_2020NM_c.png,"retailer (millesima), 750px packshot",
royal-tokaji-royal-tokaji-aszu-5-puttonyos-2018,Royal Tokaji,Royal Tokaji Aszú 5 Puttonyos,2018,dessert,real,https://royal-tokaji.com/wp-content/uploads/2024/11/2018-Royal-Tokaji-Blue-Label-5p-opt--scaled.jpg,producer site; exact 2018 vintage match,
grand-tokaj-grand-tokaj-terroir-selection-5-puttonyos-aszu-2019,Grand Tokaj,Grand Tokaj Terroir Selection 5 Puttonyos Aszú,2019,dessert,real,https://grandtokaj.com/wp-content/uploads/2023/10/Grand_Tokaj_Terroir_Selection_Tokaji_Aszu_5_Puttonyos_2019-scaled.jpg,producer site; label confirms 2019,
grand-tokaj-grand-tokaj-classic-selection-5-puttonyos-aszu-2019,Grand Tokaj,Grand Tokaj Classic Selection 5 Puttonyos Aszú,2019,dessert,real,https://grandtokaj.com/wp-content/uploads/2023/11/Grand-Tokaj-Classic-Selection-5-Puttonyos-Aszu-2017.png,producer site; label shows 2017,
grand-tokaj-grand-tokaj-terroir-selection-sweet-szamorodni-2021,Grand Tokaj,Grand Tokaj Terroir Selection Sweet Szamorodni,2021,dessert,real,https://grandtokaj.com/wp-content/uploads/2023/10/Grand-Tokaj-Terroir-Selection-Edes-Szamorodni-2021.png,producer site,
grand-tokaj-grand-tokaj-classic-selection-sweet-szamorodni-2021,Grand Tokaj,Grand Tokaj Classic Selection Sweet Szamorodni,2021,dessert,real,https://grandtokaj.com/wp-content/uploads/2023/10/Grand-Tokaj-Class-ic-Selection-Edes-Szamorodni-2021.png,producer site,
inniskillin-inniskillin-vidal-icewine-vqa-nv,Inniskillin,Inniskillin Vidal Icewine VQA,,dessert,real,https://aem.lcbo.com/content/dam/lcbo/products/3/8/8/3/388306.jpg.thumb.1280.1280.jpg,LCBO retailer; 375ml half-bottle (only standard Vidal format found besides 50ml mini),
inniskillin-inniskillin-riesling-icewine-vqa-nv,Inniskillin,Inniskillin Riesling Icewine VQA,,dessert,real,https://www.inniskillin.com/globalassets/inniskillin/products/2025-resized/987859-inn-riesling_icewine-2021-200ml.png,producer site; 200ml,
inniskillin-inniskillin-cabernet-franc-icewine-vqa-nv,Inniskillin,Inniskillin Cabernet Franc Icewine VQA,,dessert,real,https://prep.inniskillin.com/globalassets/inniskillin/products/product-photography/inn-cabernet-franc-icewine-375ml-623728.png,producer site; the live site's 2025 image shows the Cabernet Sauvignon icewine label,
inniskillin-inniskillin-sparkling-cabernet-franc-icewine-vqa-nv,Inniskillin,Inniskillin Sparkling Cabernet Franc Icewine VQA,,sparkling,real,https://www.inniskillin.com/globalassets/inniskillin/products/2025-resized/80019372-inn-sparkling_cabernet_franc_icewine-2022-375ml.png,producer site; 375ml half-bottle,
pillitteri-estates-winery-pillitteri-reserve-vidal-icewine-2016,Pillitteri Estates Winery,Pillitteri Reserve Vidal Icewine,2016,dessert,real,https://store.pillitteri.com/cdn/shop/products/2012Vidal_ReserveIW.jpg?v=1618854929&width=1000,producer site 375ml page; label shows 2012 vintage,
graham-s-graham-s-six-grapes-reserve-ruby-port-nv,Graham's,Graham's Six Grapes Reserve Ruby Port,,fortified,real,https://www.grahams-port.com/img/wine/six-grapes_img_bottle_5_1678726073.jpg,"Official grahams-port.com product photo (full-size, not the 530px thumbnail); NV as expected, no vintage on label.",
graham-s-graham-s-the-tawny-nv,Graham's,Graham's The Tawny,,fortified,real,https://www.grahams-port.com/thumb/530_530_1/wine/the-tawny_img_bottle_8_1789996070.jpg,producer site,
graham-s-graham-s-30-years-old-tawny-port-nv,Graham's,Graham's 30 Years Old Tawny Port,,fortified,real,https://www.grahams-port.com/thumb/530_530_1/wine/30-years-old_img_bottle_12_1789996171.jpg,producer site,
graham-s-graham-s-fine-ruby-port-nv,Graham's,Graham's Fine Ruby Port,,fortified,real,https://www.grahams-port.com/thumb/530_530_1/wine/fine-ruby_img_bottle_3_1678784938.jpg,producer site,
graham-s-graham-s-fine-tawny-port-nv,Graham's,Graham's Fine Tawny Port,,fortified,real,https://www.grahams-port.com/thumb/530_530_1/wine/fine-tawny_img_bottle_4_1669377138.jpg,producer site,
graham-s-graham-s-fine-white-port-nv,Graham's,Graham's Fine White Port,,fortified,real,https://www.grahams-port.com/thumb/530_530_1/wine/fine-white_img_bottle_1_1669377179.jpg,producer site,
graham-s-graham-s-late-bottled-vintage-port-2019,Graham's,Graham's Late Bottled Vintage Port,2019,fortified,real,https://www.grahams-port.com/thumb/530_530_1/year/2019_img_92_1729520208.jpg,producer site; label confirms 2019,
fonseca-fonseca-bin-27-reserve-port-nv,Fonseca,Fonseca Bin 27 Reserve Port,,fortified,real,https://fonseca.pt/wines/image/image_641348e79cba75.69307388,producer site,
taylor-fladgate-taylor-fladgate-late-bottled-vintage-port-2020,Taylor Fladgate,Taylor Fladgate Late Bottled Vintage Port,2020,fortified,real,https://www.taylor.pt/content/uploads/maingallery/crops/6231_crop_1747213250.png,producer site; exact 2020 vintage match,
dow-s-dow-s-late-bottled-vintage-port-2020,Dow's,Dow's Late Bottled Vintage Port,2020,fortified,real,https://www.premiumport.com/static/website/portfolio/dows/dows_late_bottled_vintage/dows_late_bottled_vintage_2020/logos/dows_late_bottled_vintage_2020.png,retailer (premiumport),
sandeman-sandeman-founder-s-reserve-port-nv,Sandeman,Sandeman Founder's Reserve Port,,fortified,real,https://www.sandeman.com/media/ebwfruwe/sandeman_ruby_foundersreserve.png,producer site,
cockburn-s-cockburn-s-special-reserve-port-nv,Cockburn's,Cockburn's Special Reserve Port,,fortified,real,https://www.cockburns.com/img/wine/cockburn-s-special-reserve_img_bottle_1_1727086702.png,producer site,
quinta-do-noval-quinta-do-noval-black-reserve-port-nv,Quinta do Noval,Quinta do Noval Black Reserve Port,,fortified,real,https://generalwine.com/cdn/shop/files/NovalBlackreserve.png?crop=center&height=1023&v=1786547351&width=1023,retailer (producer product page 404'd),
lustau-lustau-pedro-ximenez-san-emilio-nv,Lustau,Lustau Pedro Ximénez San Emilio,,fortified,real,https://lustau.es/wp-content/uploads/2020/12/lustau-pedro-ximenez-san-emilio-coleccion.jpg,producer site; raisins prop beside bottle,largest-component
lustau-lustau-pedro-ximenez-vors-30-years-nv,Lustau,Lustau Pedro Ximénez VORS 30 Years,,fortified,real,https://lustau.es/wp-content/uploads/2018/08/PX-VORS.jpg,producer site; cacao pod prop beside bottle,largest-component
lustau-lustau-pedro-ximenez-murillo-centenario-nv,Lustau,Lustau Pedro Ximénez Murillo Centenario,,fortified,real,https://lustau.es/wp-content/uploads/2021/04/px_lustau-vinos-singulares_murillo-centenario-1.jpg,producer site,
lustau-lustau-east-india-solera-nv,Lustau,Lustau East India Solera,,fortified,real,https://lustau.es/wp-content/uploads/2021/01/cream_lustau-vinos-singulares_east-india.jpg,producer site,
gonzalez-byass-gonzalez-byass-nectar-pedro-ximenez-nv,González Byass,González Byass Néctar Pedro Ximénez,,fortified,real,https://generalwine.com/cdn/shop/files/Untitled_-_12_August_2026_at_15.55.05.png,retailer product photo (generalwine.com),
gonzalez-byass-gonzalez-byass-solera-1847-nv,González Byass,González Byass Solera 1847,,fortified,real,https://b21.imgix.net/labels/live/ESGONZNVFC.jpg,retailer product photo (b-21.com),
osborne-osborne-pedro-ximenez-1827-nv,Osborne,Osborne Pedro Ximénez 1827,,fortified,real,https://buywinesonline.com/cdn/shop/files/OsbornePedroXimenez1827Jerez-Xeres-SherryNV_1024x.jpg?v=1695160091,retailer (source_url was a PDF catalogue),
broadbent-broadbent-10-year-old-malmsey-madeira-nv,Broadbent,Broadbent 10 Year Old Malmsey Madeira,,fortified,real,https://broadbent.com/wp-content/uploads/2024/07/10-Year-Broadbent-Malmsey-bottle-shot-1.png,producer site,
broadbent-broadbent-10-year-boal-madeira-nv,Broadbent,Broadbent 10 Year Boal Madeira,,fortified,real,https://broadbent.com/wp-content/uploads/2024/07/10-Year-Broadbent-Boal-bottle-shot-1.png,producer site,
broadbent-broadbent-3-year-fine-rich-sweet-madeira-nv,Broadbent,Broadbent 3 Year Fine Rich Sweet Madeira,,fortified,real,https://broadbent.com/wp-content/uploads/2024/11/4a6bd1bd-1419-4e48-a56b-e0576d0e339d.png,producer site,
bartenura-bartenura-sparkling-moscato-rose-nv,Bartenura,Bartenura Sparkling Moscato Rosé,,sparkling,real,https://www.bartenurawines.com/media/catalog/product/b/a/bartenura-moscato-sparkling-rose_.png,producer site,
bartenura-bartenura-brachetto-nv,Bartenura,Bartenura Brachetto,,sparkling,real,https://www.bartenurawines.com/media/catalog/product/b/a/bartenura-brachetto-15705-small-7e20b4e3a18316071a55056c4e0ed2b05d5bc782.jpg,producer site,
risata-risata-pink-moscato-nv,Risata,Risata Pink Moscato,,rosé,real,https://www.risatawines.com/wp-content/uploads/2021/04/pink-moscato.jpg,producer site,
risata-risata-red-moscato-nv,Risata,Risata Red Moscato,,red,real,https://www.risatawines.com/wp-content/uploads/2021/04/red-moscato.jpg,producer site,
barefoot-barefoot-pink-moscato-nv,Barefoot,Barefoot Pink Moscato,,rosé,real,https://www.barefootwine.com/dw/image/v2/bfwt_prd/on/demandware.static/-/Sites-barefoot-Library/default/dw127f020d/PDP/Pink%20Moscato/pink-moscato-desktop.jpg,producer site,
yellow-tail-yellow-tail-pink-moscato-nv,[yellow tail],[yellow tail] Pink Moscato,,rosé,real,https://www.yellowtailwine.com/wp-content/uploads/formidable/32/USPinkMoscato-600x1750px.png,producer site,
quady-winery-quady-essensia-orange-muscat-2023,Quady Winery,Quady Essensia Orange Muscat,2023,dessert,real,https://b21.imgix.net/labels/live/USQUMU21BC.jpg,retailer; label shows 2021 vintage,
quady-winery-quady-elysium-black-muscat-2023,Quady Winery,Quady Elysium Black Muscat,2023,dessert,real,https://theliquorbarn.com/cdn/shop/files/Quady-Elysium-Black-Muscat__93514.jpg?v=1730480334&width=1500,retailer (source_url was a press/trade page),
quady-winery-quady-electra-moscato-2023,Quady Winery,Quady Electra Moscato,2023,white,real,https://luekensliquors.com/cdn/shop/files/5d67c96bb6c41f8eb4d1b225bfadf64b.png?v=1749051516&width=2200,retailer (source_url was a PDF sell sheet),
quady-winery-quady-red-electra-moscato-2024,Quady Winery,Quady Red Electra Moscato,2024,red,real,https://www.marketviewliquor.com/mm5/graphics/00000001/QUADYELECTRAREDMOSCATO.jpg,retailer (source_url was a press/trade page),
quady-winery-quady-electra-moscato-rose-2023,Quady Winery,Quady Electra Moscato Rosé,2023,rosé,real,https://bottlebarn.com/cdn/shop/files/QuadyElectraMoscatoRose.png,retailer; label shows 2022 vintage (source_url was a PDF sell sheet),model=birefnet-general
quady-winery-quady-starboard-batch-88-nv,Quady Winery,Quady Starboard Batch 88,,fortified,real,https://cdn11.bigcommerce.com/s-0ddlsmhg83/images/stencil/836x836/products/8479/8738/quady-starboard-batch-88-nv-750ml__78576.1754742347.1280.1280__04729.1789685061.jpg?c=1,retailer (source_url was a PDF sell sheet),
medici-ermete-medici-ermete-bocciolo-lambrusco-grasparossa-sweet-2025,Medici Ermete,Medici Ermete Bocciolo Lambrusco Grasparossa Sweet,2025,sparkling,real,https://www.medici.it/wp-content/uploads/2014/06/Raso-Bocciolo.png,producer site,
medici-ermete-medici-ermete-nebbie-d-autunno-malvasia-sweet-2025,Medici Ermete,Medici Ermete Nebbie d'Autunno Malvasia Sweet,2025,sparkling,real,https://www.medici.it/wp-content/uploads/2014/06/nebbie-1.png,producer site,
klein-constantia-klein-constantia-vin-de-constance-2021,Klein Constantia,Klein Constantia Vin de Constance,2021,dessert,real,https://www.kleinconstantia.com/wp-content/uploads/2025/10/VDC-2019-2021.png,producer site,
inniskillin-inniskillin-50th-anniversary-single-vineyard-riesling-icewine-2024,Inniskillin,Inniskillin 50th Anniversary Single Vineyard Riesling Icewine,2024,dessert,ai,higgsfield:job/cbedc082-60e2-4265-8ca5-873503b25475,"flux_2 pro 1k (1 credit), dessert prompt; real photo not usable: only bottle+gift-box shots found on producer/retailer sites; no bottle-only image",
konzelmann-estate-winery-konzelmann-vidal-icewine-2022,Konzelmann Estate Winery,Konzelmann Vidal Icewine,2022,dessert,real,https://images.commerce7.com/konzelmann-estate-winery/images/large/icewine375-2024-1727462705054.png,"producer site; label shows 2023, 375ml half-bottle",
