name,winery,vintage,grape,grape_pct,type,country,region,subregion,abv,price,currency,sweetness,acidity,tannin,body,fruitiness,description,image_url,source_site,source_url,source_product_id
Caymus Napa Valley Cabernet Sauvignon,Caymus Vineyards,2023,Cabernet Sauvignon,,red,United States,California,Napa Valley,14.2,79.99,USD,2,3,4,4,5,"Dense ripe black fruit with a plush full body, substantial structure, and a soft-fruited finish.",/wines/caymus-vineyards-caymus-napa-valley-cabernet-sauvignon-2023.webp,Wine.com,https://www.wine.com/product/caymus-napa-valley-cabernet-sauvignon-2023/3591840,3591840
Stag's Leap Wine Cellars Artemis Cabernet Sauvignon,Stag's Leap Wine Cellars,2021,Cabernet Sauvignon;Merlot;Petit Verdot,;;,red,United States,California,Napa Valley,14.8,69.99,USD,1,3,4,4,4,"Boysenberry, plum and currant lead into chocolate and baking spice with firm Napa Cabernet structure.",/wines/stag-s-leap-wine-cellars-stag-s-leap-wine-cellars-artemis-cabernet-sauvignon-2021.webp,Wine.com,https://www.wine.com/product/stags-leap-wine-cellars-artemis-cabernet-sauvignon-2021/1670633,1670633
Duckhorn Napa Valley Cabernet Sauvignon,Duckhorn Vineyards,2022,Cabernet Sauvignon;Merlot;Cabernet Franc;Petit Verdot,;;;,red,United States,California,Napa Valley,14.5,59.99,USD,1,3,3,4,3,"Layered dark fruit, polished oak and balanced acidity with a structured but approachable tannin profile.",/wines/duckhorn-vineyards-duckhorn-napa-valley-cabernet-sauvignon-2022.webp,Wine.com,https://www.wine.com/product/duckhorn-napa-valley-cabernet-sauvignon-2022/3432832,3432832
Decoy California Cabernet Sauvignon,Decoy,2022,Cabernet Sauvignon,,red,United States,California,California,13.9,19.97,USD,1,3,2,4,4,"Raspberry, plum and blueberry fruit with silky tannins, balanced acidity and baking-spice oak.",/wines/decoy-decoy-california-cabernet-sauvignon-2022.webp,Wine.com,https://www.wine.com/product/decoy-california-cabernet-sauvignon-2022/1287015,1287015
Austin Hope Cabernet Sauvignon,Austin Hope,2022,Cabernet Sauvignon,,red,United States,California,Paso Robles,15,63.99,USD,2,3,4,4,4,"Ripe blackcurrant and blackberry character with generous oak, broad texture and full-bodied richness.",/wines/austin-hope-austin-hope-cabernet-sauvignon-2022.webp,Wine.com,https://www.wine.com/product/austin-hope-cabernet-sauvignon-2022/3010249,3010249
DAOU Reserve Cabernet Sauvignon,DAOU,2022,Cabernet Sauvignon;Petit Verdot,77.0;23.0,red,United States,California,Paso Robles,15.2,59.99,USD,1,3,2,5,5,"Blackberry, raspberry and plum with integrated acidity, seamless tannins and concentrated full body.",/wines/daou-daou-reserve-cabernet-sauvignon-2022.webp,Wine.com,https://www.wine.com/product/daou-reserve-cabernet-sauvignon-2022/2030483,2030483
The Prisoner Red Blend,The Prisoner Wine Company,2022,Zinfandel;Cabernet Sauvignon;Petite Sirah;Syrah;Charbono,;;;;,red,United States,California,California,15.2,39.99,USD,2,3,3,4,4,"Ripe raspberry, blackberry and pomegranate with vanilla, a lush texture and fruit-forward finish.",/wines/the-prisoner-wine-company-the-prisoner-red-blend-2022.webp,Wine.com,https://www.wine.com/product/the-prisoner-wine-company-the-prisoner-red-blend-2022/1657240,1657240
Orin Swift Abstract Red Blend,Orin Swift Cellars,2022,Grenache;Petite Sirah;Syrah;Zinfandel,;;;,red,United States,California,California,15.3,35.97,USD,2,3,4,5,4,"Concentrated dark fruit and spice with a broad, powerful palate and ripe California richness.",/wines/orin-swift-cellars-orin-swift-abstract-red-blend-2022.webp,Wine.com,https://www.wine.com/product/orin-swift-cellars-abstract-2022/1599210,1599210
Ridge Three Valleys Red,Ridge Vineyards,2022,Zinfandel;Carignane;Petite Sirah;Mataro,65.0;16.0;14.0;5.0,red,United States,California,Sonoma County,14.2,35.97,USD,1,4,3,4,3,"Mixed berry fruit, savory spice and fresh structure with enough tannin and acidity for balance.",/wines/ridge-vineyards-ridge-three-valleys-red-2022.webp,Wine.com,https://www.wine.com/product/ridge-three-valleys-red-2022/1875508,1875508
Seghesio Sonoma Zinfandel,Seghesio Family Vineyards,2022,Zinfandel;Petite Sirah;Alicante Bouschet;Mixed Red Varieties,88.0;5.0;1.0;6.0,red,United States,California,Sonoma County,15,29.99,USD,2,4,2,4,4,"Berry and plum fruit with baking spice, supple tannins and a generous but lively palate.",/wines/seghesio-family-vineyards-seghesio-sonoma-zinfandel-2022.webp,Wine.com,https://www.wine.com/product/seghesio-sonoma-zinfandel-2022/1686801,1686801
Rombauer Chardonnay,Rombauer Vineyards,2023,Chardonnay,,white,United States,California,Carneros,14.6,39.97,USD,2,3,1,4,4,"Ripe peach, melon and citrus layered with creamy vanilla and buttery oak richness.",/wines/rombauer-vineyards-rombauer-chardonnay-2023.webp,Wine.com,https://www.wine.com/product/rombauer-chardonnay-2023/2156305,2156305
Cakebread Chardonnay,Cakebread Cellars,2023,Chardonnay,,white,United States,California,Napa Valley,13.6,41.97,USD,1,4,1,4,4,"Rich and full-bodied Chardonnay balanced by bright acidity, citrus and orchard-fruit character.",/wines/cakebread-cellars-cakebread-chardonnay-2023.webp,Wine.com,https://www.wine.com/product/cakebread-chardonnay-2023/2289476,2289476
Sonoma-Cutrer Russian River Ranches Chardonnay,Sonoma-Cutrer,2023,Chardonnay,,white,United States,California,Russian River Valley,13.8,29.97,USD,1,5,1,3,3,"Citrus and mineral notes with crisp acidity and a smooth, lightly creamy texture.",/wines/sonoma-cutrer-sonoma-cutrer-russian-river-ranches-chardonnay-2023.webp,Wine.com,https://www.wine.com/product/sonoma-cutrer-russian-river-ranches-chardonnay-2023/2176335,2176335
Far Niente Chardonnay,Far Niente,2023,Chardonnay,,white,United States,California,Napa Valley,13.7,64.99,USD,1,4,1,3,5,"Silky Chardonnay with lemon, lime, melon and nectarine supported by bright refreshing acidity.",/wines/far-niente-far-niente-chardonnay-2023.webp,Wine.com,https://www.wine.com/product/far-niente-chardonnay-2023/2123686,2123686
Duckhorn Sauvignon Blanc,Duckhorn Vineyards,2023,Sauvignon Blanc;Semillon,91.0;9.0,white,United States,California,North Coast,14.1,25.97,USD,1,5,1,3,4,"Bright citrus and tropical fruit with high freshness, lively acidity and a clean dry finish.",/wines/duckhorn-vineyards-duckhorn-sauvignon-blanc-2023.webp,Wine.com,https://www.wine.com/product/duckhorn-sauvignon-blanc-2023/2019285,2019285
Honig Sauvignon Blanc,Honig Vineyard & Winery,2023,Sauvignon Blanc;Semillon;Muscat,98.0;1.0;1.0,white,United States,California,North Coast,13.5,24.97,USD,1,5,1,3,4,"Fresh citrus and orchard fruit with pronounced acidity and a crisp, aromatic finish.",/wines/honig-vineyard-winery-honig-sauvignon-blanc-2023.webp,Wine.com,https://www.wine.com/product/honig-sauvignon-blanc-2023/1700875,1700875
Meiomi Pinot Noir,Meiomi,2023,Pinot Noir,,red,United States,California,California,13.5,19.97,USD,3,2,2,4,5,"Very fruit-forward Pinot with strawberry and dark berry, mocha accents, soft structure and noticeable sweetness.",/wines/meiomi-meiomi-pinot-noir-2023.webp,Wine.com,https://www.wine.com/product/meiomi-pinot-noir-2023/3025647,3025647
Belle Glos Clark & Telephone Vineyard Pinot Noir,Belle Glos,2022,Pinot Noir,,red,United States,California,Santa Maria Valley,14.8,55,USD,2,3,3,4,4,"Ripe dark cherry and berry fruit with rich texture, sweet oak spice and a fuller Pinot Noir style.",/wines/belle-glos-belle-glos-clark-telephone-vineyard-pinot-noir-2022.webp,Wine.com,https://www.wine.com/product/belle-glos-clark-and-telephone-vineyard-pinot-noir-2022/1545995,1545995
La Crema Sonoma Coast Pinot Noir,La Crema,2023,Pinot Noir,,red,United States,California,Sonoma Coast,13.5,22.97,USD,1,4,4,3,5,"Red plum, blackberry and cranberry with bright acidity and firm integrated tannins.",/wines/la-crema-la-crema-sonoma-coast-pinot-noir-2023.webp,Wine.com,https://www.wine.com/product/la-crema-sonoma-coast-pinot-noir-2023/2900471,2900471
Flowers Sonoma Coast Pinot Noir,Flowers,2022,Pinot Noir,,red,United States,California,Sonoma Coast,14.1,49.99,USD,1,4,3,2,4,"Tangy dark berry fruit with bright freshness, fine chalky tannins and restrained coastal weight.",/wines/flowers-flowers-sonoma-coast-pinot-noir-2022.webp,Wine.com,https://www.wine.com/product/flowers-sonoma-coast-pinot-noir-2022/1545729,1545729
Jordan Cabernet Sauvignon,Jordan Vineyard & Winery,2020,Cabernet Sauvignon;Merlot;Petit Verdot;Malbec,;;;,red,United States,California,Alexander Valley,13.6,59.99,USD,1,3,2,3,3,"Red and black fruit with savory complexity, smooth tannins and a balanced, elegant structure.",/wines/jordan-vineyard-winery-jordan-cabernet-sauvignon-2020.webp,Wine.com,https://www.wine.com/product/jordan-cabernet-sauvignon-2020/2347601,2347601
Silver Oak Alexander Valley Cabernet Sauvignon,Silver Oak,2020,Cabernet Sauvignon;Merlot;Cabernet Franc;Petit Verdot;Malbec,95.2;2.1;1.4;0.7;0.6,red,United States,California,Alexander Valley,14.6,94.99,USD,1,3,2,4,3,"Cedar and red-black fruit with polished tannins, balanced acidity and classic oak framing.",/wines/silver-oak-silver-oak-alexander-valley-cabernet-sauvignon-2020.webp,Wine.com,https://www.wine.com/product/silver-oak-alexander-valley-cabernet-sauvignon-2020/2433965,2433965
JUSTIN Isosceles,JUSTIN Vineyards & Winery,2021,Cabernet Sauvignon;Cabernet Franc;Merlot,;;,red,United States,California,Paso Robles,15.5,67.99,USD,1,3,4,5,3,"Dense Bordeaux-style blend with black fruit, substantial tannin, oak spice and a full powerful palate.",/wines/justin-vineyards-winery-justin-isosceles-2021.webp,Wine.com,https://www.wine.com/product/justin-isosceles-2021/2759872,2759872
Tablas Creek Esprit de Tablas Rouge,Tablas Creek Vineyard,2021,Mourvedre;Grenache;Syrah;Vaccarese;Cinsaut;Counoise,35.0;26.0;23.0;7.0;5.0;4.0,red,United States,California,"Adelaida District, Paso Robles",13.5,68.99,USD,1,4,3,3,3,"Savory Rhône-style blend with fresh acidity, dark-red fruit, spice and firm but refined structure.",/wines/tablas-creek-vineyard-tablas-creek-esprit-de-tablas-rouge-2021.webp,Wine.com,https://www.wine.com/product/tablas-creek-esprit-de-tablas-rouge-2021/1508218,1508218
Eroica Riesling,Chateau Ste. Michelle & Dr. Loosen,2022,Riesling,,white,United States,Washington,Columbia Valley,12,19.99,USD,3,5,1,2,4,"Focused Riesling with citrus and stone fruit, vivid acidity and a lightly off-dry balance.",/wines/chateau-ste-michelle-dr-loosen-eroica-riesling-2022.webp,Wine.com,https://www.wine.com/product/eroica-riesling-2022/1341098,1341098
Evenstad Reserve Pinot Noir,Domaine Serene,2021,Pinot Noir,,red,United States,Oregon,Willamette Valley,14.1,97.99,USD,1,4,2,3,3,"Strawberry and floral aromatics with lifted acidity, fine tannins and elegant medium weight.",/wines/domaine-serene-evenstad-reserve-pinot-noir-2021.webp,Wine.com,https://www.wine.com/product/domaine-serene-evenstad-reserve-pinot-noir-2021/1955477,1955477
Argyle Pinot Noir,Argyle,2022,Pinot Noir,,red,United States,Oregon,Willamette Valley,13.5,27.97,USD,1,5,2,3,4,"Cherry and strawberry fruit with vibrant acidity, fine tannins and cool-climate freshness.",/wines/argyle-argyle-pinot-noir-2022.webp,Wine.com,https://www.wine.com/product/argyle-pinot-noir-2022/1574292,1574292
A to Z Wineworks Pinot Noir,A to Z Wineworks,2022,Pinot Noir,,red,United States,Oregon,Oregon,13.5,18.97,USD,1,4,2,3,4,"Bright red berry fruit, fresh acidity and soft tannins in an approachable Oregon Pinot style.",/wines/a-to-z-wineworks-a-to-z-wineworks-pinot-noir-2022.webp,Wine.com,https://www.wine.com/product/a-to-z-pinot-noir-2022/1741253,1741253
King Estate Willamette Valley Pinot Gris,King Estate,2023,Pinot Gris,,white,United States,Oregon,Willamette Valley,13,19.99,USD,1,4,1,3,4,"Fresh pear and citrus with clean acidity, moderate body and an aromatic fruit-driven palate.",/wines/king-estate-king-estate-willamette-valley-pinot-gris-2023.webp,Wine.com,https://www.wine.com/product/king-estate-willamette-valley-pinot-gris-2023/2312051,2312051
Willamette Valley Vineyards Whole Cluster Pinot Noir,Willamette Valley Vineyards,2022,Pinot Noir,,red,United States,Oregon,Willamette Valley,13.2,21.97,USD,1,4,3,3,4,Juicy berry fruit with bright acidity and a slightly firmer tannin structure from whole-cluster character.,/wines/willamette-valley-vineyards-willamette-valley-vineyards-whole-cluster-pinot-noir-2022.webp,Wine.com,https://www.wine.com/product/willamette-valley-vineyards-whole-cluster-pinot-noir-2022/1351398,1351398
Elk Cove Willamette Valley Pinot Noir,Elk Cove Vineyards,2022,Pinot Noir,,red,United States,Oregon,Willamette Valley,13.5,34,USD,1,3,2,3,4,"Cherry, raspberry and plum with earthy spice, chalky refined tannins and balanced freshness.",/wines/elk-cove-vineyards-elk-cove-willamette-valley-pinot-noir-2022.webp,Wine.com,https://www.wine.com/product/elk-cove-willamette-valley-pinot-noir-2022/1553705,1553705
Cristom Mt. Jefferson Cuvée Pinot Noir,Cristom Vineyards,2022,Pinot Noir,,red,United States,Oregon,Eola-Amity Hills,13.5,51.99,USD,1,5,4,3,3,"Tart red fruit with bright acidity, mineral tension and clay-like tannin grip.",/wines/cristom-vineyards-cristom-mt-jefferson-cuvee-pinot-noir-2022.webp,Wine.com,https://www.wine.com/product/cristom-mt-jefferson-cuvee-pinot-noir-2022/1576155,1576155
Columbia Valley Riesling,Chateau Ste. Michelle,2023,Riesling,,white,United States,Washington,Columbia Valley,12,9.99,USD,3,4,1,2,3,"Medium-dry Riesling with crisp apple, white peach and mineral notes balanced by refreshing acidity.",/wines/chateau-ste-michelle-columbia-valley-riesling-2023.webp,Chateau Ste. Michelle,https://www.ste-michelle.com/riesling-columbia-valley,
Kung Fu Girl Riesling,Charles Smith Wines,2023,Riesling,,white,United States,Washington,"Ancient Lakes, Columbia Valley",12.5,13.99,USD,1,5,1,2,4,"Dry, energetic Riesling with white peach, mandarin and apricot over pronounced mineral acidity.",/wines/charles-smith-wines-kung-fu-girl-riesling-2023.webp,Wine.com,https://www.wine.com/product/charles-smith-wines-kung-fu-girl-riesling-2023/2049692,2049692
Substance Cabernet Sauvignon,Substance,2022,Cabernet Sauvignon,,red,United States,Washington,Columbia Valley,14,15.99,USD,1,4,4,4,3,"Black fruit and savory spice with clear Cabernet structure, fresh acidity and firm tannins.",/wines/substance-substance-cabernet-sauvignon-2022.webp,Wine.com,https://www.wine.com/product/substance-cabernet-sauvignon-2022/2283508,2283508
L'Ecole No. 41 Columbia Valley Cabernet Sauvignon,L'Ecole No. 41,2021,Cabernet Sauvignon,,red,United States,Washington,Columbia Valley,14.5,37.99,USD,1,4,4,4,3,"Black fruit and cedar with brisk acidity and a structured, cellar-capable tannin profile.",/wines/l-ecole-no-41-l-ecole-no-41-columbia-valley-cabernet-sauvignon-2021.webp,Wine.com,https://www.wine.com/product/lecole-41-columbia-valley-cabernet-sauvignon-2021/2389304,2389304
D2 Estate Red,DeLille Cellars,2021,Merlot;Cabernet Sauvignon;Cabernet Franc;Petit Verdot,58.0;34.0;4.0;4.0,red,United States,Washington,Columbia Valley,14.5,49.99,USD,1,3,2,4,5,"Blackberry and cassis with fine-grained tannins, red currant, cherry and restrained toasty oak.",/wines/delille-cellars-d2-estate-red-2021.webp,Wine.com,https://www.wine.com/product/delille-d2-estate-red-2021/1669718,1669718
Motor City Kitty Syrah,K Vintners,2021,Syrah,,red,United States,Washington,Yakima Valley,14.5,39.99,USD,1,4,4,4,2,"Savory mineral Syrah with brisk acidity, dark fruit and fine structured tannins.",/wines/k-vintners-motor-city-kitty-syrah-2021.webp,Wine.com,https://www.wine.com/product/k-vintners-motor-city-kitty-syrah-2021/1842479,1842479
CMS Red,Hedges Family Estate,2021,Merlot;Cabernet Sauvignon;Syrah,67.0;30.0;3.0,red,United States,Washington,Columbia Valley,14,14.99,USD,1,4,2,4,3,"Plum and black cherry with cedar, spice, bright acidity and soft well-integrated tannins.",/wines/hedges-family-estate-cms-red-2021.webp,WineTransit,https://www.winetransit.com/wine/red-wine/cabernet-sauvignon/hedges-cms-red-wine-blend-750-ml-18712.html,18712
Boom Boom Syrah,Charles Smith Wines,2022,Syrah,,red,United States,Washington,Columbia Valley,13.5,16.99,USD,1,3,3,3,3,Bold blackberry and savory spice with a rounded body and enough tannin to retain structure.,/wines/charles-smith-wines-boom-boom-syrah-2022.webp,Wine.com,https://www.wine.com/product/charles-smith-wines-boom-boom-syrah-2022/2903874,2903874
Château de Beaucastel Châteauneuf-du-Pape,Château de Beaucastel,2021,Mourvedre;Grenache;Syrah;Counoise;Cinsault,;;;;,red,France,Rhone,Chateauneuf-du-Pape,14.5,109.97,USD,1,3,5,4,2,"Complex dark fruit, herbs and spice with substantial body, savory depth and age-worthy tannin.",/wines/chateau-de-beaucastel-chateau-de-beaucastel-chateauneuf-du-pape-2021.webp,Wine.com,https://www.wine.com/product/chateau-de-beaucastel-chateauneuf-du-pape-2021/1197676,1197676
E. Guigal Côtes-du-Rhône Rouge,E. Guigal,2021,Syrah;Grenache;Mourvedre,50.0;40.0;10.0,red,France,Rhone,Cotes du Rhone,14,17.99,USD,1,3,3,4,4,"Dark berry and peppery Rhône character with balanced acidity, moderate tannins and generous fruit.",/wines/e-guigal-e-guigal-cotes-du-rhone-rouge-2021.webp,Wine.com,https://www.wine.com/product/e-guigal-cotes-du-rhone-rouge-2021/2632115,2632115
M. Chapoutier Belleruche Côtes-du-Rhône Rouge,M. Chapoutier,2022,Grenache;Syrah,;,red,France,Rhone,Cotes du Rhone,14,16.97,USD,1,3,2,3,3,"Blackcurrant and raspberry with white pepper, roasted notes and silky delicate tannins.",/wines/m-chapoutier-m-chapoutier-belleruche-cotes-du-rhone-rouge-2022.webp,Wine.com,https://www.wine.com/product/m-chapoutier-cotes-du-rhone-belleruche-rouge-2022/1506351,1506351
Louis Jadot Bourgogne Pinot Noir,Louis Jadot,2022,Pinot Noir,,red,France,Burgundy,Bourgogne,12.84,24.97,USD,1,4,2,2,4,"Fresh red-cherry and berry character with lively acidity, light tannin and classic Burgundian restraint.",/wines/louis-jadot-louis-jadot-bourgogne-pinot-noir-2022.webp,Wine.com,https://www.wine.com/product/louis-jadot-bourgogne-pinot-noir-2022/1673817,1673817
Louis Jadot Pouilly-Fuissé,Louis Jadot,2022,Chardonnay,,white,France,Burgundy,"Pouilly-Fuisse, Maconnais",13,29.97,USD,2,4,1,3,4,Ripe orchard and citrus fruit with fresh acidity and moderate Burgundian Chardonnay richness.,/wines/louis-jadot-louis-jadot-pouilly-fuisse-2022.webp,Wine.com,https://www.wine.com/product/louis-jadot-pouilly-fuisse-2022/1383088,1383088
Joseph Drouhin Chablis,Joseph Drouhin,2022,Chardonnay,,white,France,Burgundy,Chablis,12.5,29.99,USD,1,5,1,1,3,"Crisp citrus and green-apple Chablis with mineral freshness, light body and a clean dry finish.",/wines/joseph-drouhin-joseph-drouhin-chablis-2022.webp,Siesta Spirits,https://siestaspirits.com/products/joseph-drouhin-chablis-2021,
William Fèvre Chablis Domaine,William Fèvre,2022,Chardonnay,,white,France,Burgundy,Chablis,12.5,39.99,USD,1,5,1,1,2,"Mineral-driven Chardonnay with citrus, high acidity and a lean precise Chablis profile.",/wines/william-fevre-william-fevre-chablis-domaine-2022.webp,Wine.com,https://www.wine.com/product/william-fevre-chablis-domaine-2022/1906981,1906981
Château d'Esclans Whispering Angel Rosé,Château d'Esclans,2023,Grenache;Cinsault;Rolle,;;,rosé,France,Provence,Cotes de Provence,12.5,24.97,USD,1,4,1,3,4,"Bone-dry pale rosé with fresh red fruit, citrus and saline freshness.",/wines/chateau-d-esclans-chateau-d-esclans-whispering-angel-rose-2023.webp,Wine.com,https://www.wine.com/product/chateau-desclans-whispering-angel-rose-2023/1890061,1890061
Miraval Rosé,Miraval,2023,Cinsault;Grenache;Rolle;Syrah,;;;,rosé,France,Provence,Cotes de Provence,13,22.99,USD,1,4,1,3,4,"Dry Provence rosé with fresh red fruit, citrus and a balanced, refreshing mid-weight palate.",/wines/miraval-miraval-rose-2023.webp,Wine.com,https://www.wine.com/product/miraval-rose-2023/1784899,1784899
Côte des Roses Rosé,Gérard Bertrand,2023,Grenache;Cinsault;Syrah,;;,rosé,France,South of France,Languedoc,13,18.97,USD,1,3,1,3,5,"Fresh summer berries, cassis, rose and grapefruit with a dry balanced finish.",/wines/gerard-bertrand-cote-des-roses-rose-2023.webp,Wine.com,https://www.wine.com/product/cote-des-roses-rose-2023/1849336,1849336
Château La Nerthe Châteauneuf-du-Pape Rouge,Château La Nerthe,2020,Syrah;Grenache;Mourvedre;Cinsault,;;;,red,France,Rhone,Chateauneuf-du-Pape,14.5,59.99,USD,1,4,4,4,3,"Dark fruit, herbs and spice with full Rhône body, fresh structure and firm age-worthy tannin.",/wines/chateau-la-nerthe-chateau-la-nerthe-chateauneuf-du-pape-rouge-2020.webp,Wine.com,https://www.wine.com/product/chateau-la-nerthe-chateauneuf-du-pape-rouge-2020/1342653,1342653
Famille Perrin Réserve Côtes du Rhône Rouge,Famille Perrin,2022,Grenache;Mourvedre;Syrah,40.0;40.0;20.0,red,France,Rhone,Cotes du Rhone,14.5,13.97,USD,1,3,2,4,4,Fleshy fruit with attractive tannins and a balanced everyday southern Rhône profile.,/wines/famille-perrin-famille-perrin-reserve-cotes-du-rhone-rouge-2022.webp,Wine.com,https://www.wine.com/product/famille-perrin-reserve-cotes-du-rhone-rouge-2022/2401581,2401581
Château Greysac Médoc,Château Greysac,2019,Merlot;Cabernet Sauvignon;Cabernet Franc;Petit Verdot,65.0;29.0;3.0;3.0,red,France,Bordeaux,Medoc,14.5,29.99,USD,1,4,4,4,3,"Dark berry and cedar notes with Bordeaux freshness, medium-full body and structured tannins.",/wines/chateau-greysac-chateau-greysac-medoc-2019.webp,Wine.com,https://www.wine.com/product/chateau-greysac-2019/4124291,4124291
Château Gloria Saint-Julien,Château Gloria,2019,Cabernet Sauvignon;Merlot;Cabernet Franc;Petit Verdot,65.0;25.0;5.0;5.0,red,France,Bordeaux,St-Julien,14.5,54.99,USD,1,4,3,4,3,"Cassis, blue fruit, tobacco and mineral notes with lively acidity, polished tannins and long structure.",/wines/chateau-gloria-chateau-gloria-saint-julien-2019.webp,Wine.com,https://www.wine.com/product/chateau-gloria-2019/583701,583701
Château Lanessan Haut-Médoc,Château Lanessan,2019,Cabernet Sauvignon;Merlot;Petit Verdot;Cabernet Franc,;;;,red,France,Bordeaux,Haut-Medoc,14,24.99,USD,1,4,3,4,4,"Blackberry, currant and tobacco with fresh acidity, fine-grained tannins and balanced medium-full body.",/wines/chateau-lanessan-chateau-lanessan-haut-medoc-2019.webp,Wine.com,https://www.wine.com/product/chateau-lanessan-2019/1871863,1871863
Trimbach Riesling,Maison Trimbach,2022,Riesling,,white,France,Alsace,Alsace,12.5,28.99,USD,1,5,1,2,2,"Dry, crisp and mineral Riesling with pronounced acidity and restrained citrus-fruit character.",/wines/maison-trimbach-trimbach-riesling-2022.webp,Wine.com,https://www.wine.com/product/maison-trimbach-riesling-2022/2523905,2523905
Hugel Classic Gewürztraminer,Hugel,2022,Gewurztraminer,,white,France,Alsace,Alsace,13.92,25.97,USD,3,3,1,3,3,"Highly aromatic floral and spicy white with peach, round texture and a dry-to-off-dry impression.",/wines/hugel-hugel-classic-gewurztraminer-2022.webp,Wine.com,https://www.wine.com/product/hugel-classic-gewurztraminer-2022/2732769,2732769
Lucien Albrecht Crémant d'Alsace Brut,Lucien Albrecht,2022,Pinot Blanc;Auxerrois,;,sparkling,France,Alsace,Cremant d Alsace,12.5,19.97,USD,1,4,1,3,4,"Dry traditional-method sparkling wine with fresh orchard fruit, bright acidity and fine bubbles.",/wines/lucien-albrecht-lucien-albrecht-cremant-d-alsace-brut-2022.webp,Wine.com,https://www.wine.com/product/lucien-albrecht-cremant-dalsace-brut/12033,12033
Veuve Clicquot Yellow Label Brut,Veuve Clicquot,2025,Pinot Noir;Pinot Meunier;Chardonnay,55.0;15.0;30.0,sparkling,France,Champagne,Champagne,12,72.97,USD,1,4,1,4,4,"Structured Brut Champagne with citrus, orchard fruit and toast, driven by fresh acidity and Pinot weight.",/wines/veuve-clicquot-veuve-clicquot-yellow-label-brut-2025.webp,Wine.com,https://www.wine.com/product/veuve-clicquot-yellow-label-brut/528,528
Moët & Chandon Impérial Brut,Moët & Chandon,2025,Pinot Noir;Pinot Meunier;Chardonnay,;;,sparkling,France,Champagne,Champagne,12,54.99,USD,1,4,1,3,4,"Balanced Brut Champagne with apple, citrus and brioche, moderate body and lively bubbles.",/wines/moet-chandon-moet-chandon-imperial-brut-2025.webp,Wine.com,https://www.wine.com/product/moet-and-chandon-imperial-brut/97557,97557
Marchesi Antinori Tignanello,Marchesi Antinori,2021,Sangiovese;Cabernet Sauvignon;Cabernet Franc,79.0;13.0;8.0,red,Italy,Tuscany,Toscana IGT,14.5,169.99,USD,1,4,3,4,5,"Plum, blackberry, orange peel and tobacco with vibrant acidity, refined tannins and concentrated fruit.",/wines/marchesi-antinori-marchesi-antinori-tignanello-2021.webp,Wine.com,https://www.wine.com/product/marchesi-antinori-tignanello-2021/2019239,2019239
Antinori Peppoli Chianti Classico,Marchesi Antinori,2022,Sangiovese,,red,Italy,Tuscany,Chianti Classico,13.5,22.97,USD,1,4,3,3,4,"Bright cherry-led Sangiovese with fresh acidity, savory herbs and moderate polished tannins.",/wines/marchesi-antinori-antinori-peppoli-chianti-classico-2022.webp,Wine.com,https://www.wine.com/product/marchesi-antinori-peppoli-chianti-classico-2022/1669589,1669589
Ruffino Riserva Ducale Oro Chianti Classico Gran Selezione,Ruffino,2019,Sangiovese,,red,Italy,Tuscany,Chianti Classico,15,42.99,USD,1,5,4,4,4,"Concentrated cherry and savory spice with high acidity, firm tannin and substantial Chianti structure.",/wines/ruffino-ruffino-riserva-ducale-oro-chianti-classico-gran-selezione-2019.webp,Wine.com,https://www.wine.com/product/ruffino-riserva-ducale-oro-chianti-classico-gran-selezione-2019/1421496,1421496
Castello Banfi Brunello di Montalcino,Banfi,2019,Sangiovese,,red,Italy,Tuscany,Montalcino,14.5,59.99,USD,1,5,5,5,3,"Powerful Brunello with cherry, dried herbs and oak, high acidity and assertive age-worthy tannins.",/wines/banfi-castello-banfi-brunello-di-montalcino-2019.webp,Wine.com,https://www.wine.com/product/banfi-brunello-di-montalcino-2019/1832590,1832590
Altesino Brunello di Montalcino,Altesino,2019,Sangiovese,,red,Italy,Tuscany,Montalcino,14.5,62.99,USD,1,4,4,4,3,"Violet and wild berry notes with tobacco, fresh acidity and firm but polished Brunello tannins.",/wines/altesino-altesino-brunello-di-montalcino-2019.webp,Wine.com,https://www.wine.com/product/altesino-brunello-di-montalcino-2019/1903086,1903086
Vietti Barolo Castiglione,Vietti,2020,Nebbiolo,,red,Italy,Piedmont,Barolo,14.5,69.99,USD,1,5,5,4,3,"Rose, red fruit and savory complexity with high acidity and classic powerful Nebbiolo tannin.",/wines/vietti-vietti-barolo-castiglione-2020.webp,Wine.com,https://www.wine.com/product/vietti-barolo-castiglione-2020/1863338,1863338
Pio Cesare Barolo,Pio Cesare,2020,Nebbiolo,,red,Italy,Piedmont,Barolo,14.5,84.99,USD,1,5,4,4,3,"Structured Barolo with red fruit, floral and earthy notes, pronounced acidity and firm tannins.",/wines/pio-cesare-pio-cesare-barolo-2020.webp,Wine.com,https://www.wine.com/product/pio-cesare-barolo-2020/2262467,2262467
Zenato Amarone della Valpolicella Classico,Zenato,2019,Corvina;Rondinella;Oseleta;Croatina,;;;,red,Italy,Veneto,Valpolicella Classico,15.5,72.99,USD,2,3,4,5,5,"Rich dried and dark fruit with warming body, concentrated texture and substantial but rounded tannin.",/wines/zenato-zenato-amarone-della-valpolicella-classico-2019.webp,Wine.com,https://www.wine.com/product/zenato-amarone-della-valpolicella-classico-2019/2469154,2469154
Allegrini Palazzo della Torre,Allegrini,2021,Corvina;Corvinone;Rondinella;Sangiovese,;;;,red,Italy,Veneto,Veronese,13.5,21.97,USD,2,3,3,4,5,"Ripe cherry and dark fruit with a smooth, rich texture and moderate tannin and acidity.",/wines/allegrini-allegrini-palazzo-della-torre-2021.webp,Wine.com,https://www.wine.com/product/allegrini-palazzo-della-torre-2021/2153152,2153152
Santa Margherita Pinot Grigio,Santa Margherita,2023,Pinot Grigio,,white,Italy,Trentino-Alto Adige,Alto Adige,12,29.97,USD,1,5,1,2,3,"Clean, dry and light-bodied Pinot Grigio with citrus and crisp acidity.",/wines/santa-margherita-santa-margherita-pinot-grigio-2023.webp,Wine.com,https://www.wine.com/product/santa-margherita-pinot-grigio-2023/2014615,2014615
Jermann Pinot Grigio,Jermann,2023,Pinot Grigio,,white,Italy,Friuli-Venezia Giulia,Friuli,13,29.97,USD,2,4,1,3,4,"More textured Pinot Grigio with ripe orchard fruit, freshness and a dry mineral finish.",/wines/jermann-jermann-pinot-grigio-2023.webp,Wine.com,https://www.wine.com/product/jermann-pinot-grigio-2023/1937138,1937138
La Scolca Gavi dei Gavi Black Label,La Scolca,2022,Cortese,,white,Italy,Piedmont,Gavi,12.5,44.99,USD,1,5,1,1,2,"Lean mineral Cortese with citrus, high freshness and a precise dry finish.",/wines/la-scolca-la-scolca-gavi-dei-gavi-black-label-2022.webp,Wine.com,https://www.wine.com/product/la-scolca-gavi-dei-gavi-black-label-2022/1458798,1458798
Masi Campofiorin Rosso del Veronese,Masi,2020,Corvina;Rondinella;Molinara,;;,red,Italy,Veneto,Veronese,13,20.99,USD,2,3,2,4,5,"Rich smooth red with ripe cherry, dried-fruit hints and a velvety medium-full body.",/wines/masi-masi-campofiorin-rosso-del-veronese-2020.webp,Wine.com,https://www.wine.com/product/masi-campofiorin-rosso-del-veronese-2020/2308837,2308837
Frescobaldi Nipozzano Chianti Rufina Riserva,Frescobaldi,2020,Sangiovese,,red,Italy,Tuscany,Chianti Rufina,13.5,18.99,USD,1,5,2,3,3,Fresh cherry and mineral notes with dense silky tannins and characteristic Sangiovese acidity.,/wines/frescobaldi-frescobaldi-nipozzano-chianti-rufina-riserva-2020.webp,Wine.com,https://www.wine.com/product/frescobaldi-nipozzano-chianti-rufina-riserva-2020/1475236,1475236
Bisol Jeio Prosecco Brut,Bisol,2023,Glera,,sparkling,Italy,Veneto,Prosecco,11,17.97,USD,2,3,1,2,2,"Fresh pear and apple with lively bubbles, moderate acidity and a lightly fruity Brut profile.",/wines/bisol-bisol-jeio-prosecco-brut-2023.webp,Wine.com,https://www.wine.com/product/bisol-jeio-prosecco-brut/92412,92412
Marqués de Riscal Rioja Reserva,Marqués de Riscal,2019,Tempranillo;Graciano;Mazuelo,;;,red,Spain,Rioja,Rioja,14.5,19.99,USD,1,4,3,4,4,"Red and dark fruit with vanilla-oak spice, fresh acidity and polished Reserva tannins.",/wines/marques-de-riscal-marques-de-riscal-rioja-reserva-2019.webp,Wine.com,https://www.wine.com/product/marques-de-riscal-rioja-reserva-2019/1351431,1351431
La Rioja Alta Viña Alberdi Reserva Tinto,La Rioja Alta,2020,Tempranillo,,red,Spain,Rioja,Rioja Alta,14,28.97,USD,1,4,2,4,3,"Raspberry and redcurrant with vanilla, balsamic notes, silky tannins and a fresh balanced finish.",/wines/la-rioja-alta-la-rioja-alta-vina-alberdi-reserva-tinto-2020.webp,Wine.com,https://www.wine.com/product/la-rioja-alta-vina-alberdi-reserva-tinto-2020/2636774,2636774
CVNE Imperial Reserva Rioja,CVNE,2019,Tempranillo;Graciano;Mazuelo,;;,red,Spain,Rioja,Rioja,14.5,46.99,USD,1,4,4,4,3,"Refined Rioja Reserva with red-black fruit, savory oak, lively acidity and structured polished tannin.",/wines/cvne-cvne-imperial-reserva-rioja-2019.webp,Wine.com,https://www.wine.com/list/wine/vintage-2019/spain/standard-750ml/decanter/7155-384-106806-266-219,
Bodegas Muga Reserva,Bodegas Muga,2020,Tempranillo;Garnacha;Mazuelo;Graciano,;;;,red,Spain,Rioja,Rioja,14.5,31.99,USD,1,4,3,4,3,"Ripe red fruit, spice and oak with fresh Rioja acidity and rounded medium-firm tannins.",/wines/bodegas-muga-bodegas-muga-reserva-2020.webp,Wine.com,https://www.wine.com/product/bodegas-muga-reserva-2020/1917595,1917595
Bodegas Juan Gil Silver Label Monastrell,Bodegas Juan Gil,2021,Monastrell,,red,Spain,Murcia,Jumilla,15,18.99,USD,2,3,2,5,5,"Ripe dark berries and cherries with smoke, silky tannins, spice and concentrated full body.",/wines/bodegas-juan-gil-bodegas-juan-gil-silver-label-monastrell-2021.webp,Wine.com,https://www.wine.com/product/bodegas-juan-gil-silver-label-2021/1830161,1830161
Emilio Moro Ribera del Duero,Emilio Moro,2021,Tempranillo,,red,Spain,Castilla y Leon,Ribera del Duero,14.5,29.97,USD,1,3,4,4,4,"Dark cherry and plum with savory oak, balanced acidity and firm Ribera del Duero structure.",/wines/emilio-moro-emilio-moro-ribera-del-duero-2021.webp,Wine.com,https://www.wine.com/product/emilio-moro-ribera-del-duero-2021/1932105,1932105
Numanthia Termes,Numanthia,2021,Tempranillo,,red,Spain,Castilla y Leon,Toro,15,21.97,USD,1,4,5,5,5,"Concentrated Tinta de Toro with dense dark fruit, high tannin, broad body and energetic freshness.",/wines/numanthia-numanthia-termes-2021.webp,Wine.com,https://www.wine.com/product/numanthia-termes-2021/2523503,2523503
Martín Códax Albariño,Martín Códax,2023,Albarino,,white,Spain,Galicia,Rias Baixas,12,18.97,USD,1,5,1,3,4,"Citrus and stone fruit with saline freshness, high acidity and a clean Atlantic finish.",/wines/martin-codax-martin-codax-albarino-2023.webp,Wine.com,https://www.wine.com/product/martin-codax-albarino-2023/2135680,2135680
Graham's 10 Year Old Tawny Port,Graham's,2016,Touriga Nacional;Touriga Franca;Tinta Barroca;Tinta Roriz;Tinto Cao,;;;;,fortified,Portugal,Douro,Porto,20,43.99,USD,4,3,2,4,3,"Sweet tawny Port with dried fruit, nuts and caramelized complexity over a rich fortified body.",/wines/graham-s-graham-s-10-year-old-tawny-port-2016.webp,Wine.com,https://www.wine.com/product/grahams-10-year-old-tawny-port/5972,5972
Taylor Fladgate 10 Year Old Tawny Port,Taylor Fladgate,2016,Touriga Nacional;Touriga Franca;Tinta Roriz;Tinta Barroca;Tinto Cao,;;;;,fortified,Portugal,Douro,Porto,20,34.97,USD,4,3,2,4,3,"Rich sweet tawny with dried fruit, toasted nuts and mature oxidative complexity.",/wines/taylor-fladgate-taylor-fladgate-10-year-old-tawny-port-2016.webp,Wine.com,https://www.wine.com/product/taylor-fladgate-10-year-old-tawny-port/1560,1560
Catena Malbec,Catena Zapata,2022,Malbec,,red,Argentina,Mendoza,Mendoza,13.5,19.97,USD,1,4,3,4,4,"Plum and dark berry fruit with fresh acidity, moderate tannin and a generous Mendoza palate.",/wines/catena-zapata-catena-malbec-2022.webp,Wine.com,https://www.wine.com/product/catena-malbec-2022/2176579,2176579
Catena Alta Malbec,Catena Zapata,2021,Malbec,,red,Argentina,Mendoza,Mendoza,13.7,49.99,USD,1,4,3,4,3,"Concentrated Malbec with lively acidity, fine tannins and layered dark fruit and spice.",/wines/catena-zapata-catena-alta-malbec-2021.webp,Wine.com,https://www.wine.com/product/catena-alta-malbec-2021/2420438,2420438
El Enemigo Malbec,El Enemigo,2021,Malbec;Cabernet Franc,90.0;10.0,red,Argentina,Mendoza,Mendoza,13.5,27.97,USD,1,4,4,4,4,"Ripe dark fruit with savory Cabernet Franc lift, balanced freshness and firm polished tannins.",/wines/el-enemigo-el-enemigo-malbec-2021.webp,Wine.com,https://www.wine.com/product/el-enemigo-malbec-2021/2582709,2582709
Luigi Bosca Malbec,Luigi Bosca,2022,Malbec,,red,Argentina,Mendoza,Mendoza,14.4,18.97,USD,1,4,3,4,4,"Plum and blackberry with floral spice, fresh acidity and smooth medium-firm tannins.",/wines/luigi-bosca-luigi-bosca-malbec-2022.webp,Wine.com,https://www.wine.com/product/luigi-bosca-malbec-2022/1945852,1945852
Zuccardi Q Malbec,Zuccardi,2022,Malbec,,red,Argentina,Mendoza,Uco Valley,14,27.97,USD,1,4,2,4,3,"Fresh structured Malbec with dark fruit, mineral character and soft silky tannins.",/wines/zuccardi-zuccardi-q-malbec-2022.webp,Wine.com,https://www.wine.com/product/zuccardi-q-malbec-2022/2113166,2113166
Bodega Norton Reserva Malbec,Bodega Norton,2022,Malbec,,red,Argentina,Mendoza,Mendoza,14.5,15.97,USD,1,3,2,4,5,"Ripe blackberry and plum with moderate acidity, soft tannin and generous fruit-driven body.",/wines/bodega-norton-bodega-norton-reserva-malbec-2022.webp,Wine.com,https://www.wine.com/product/bodega-norton-reserva-malbec-2022/1776659,1776659
Marques de Casa Concha Cabernet Sauvignon,Concha y Toro,2021,Cabernet Sauvignon;Petit Verdot;Cabernet Franc;Syrah;Carmenere,91.0;4.0;3.0;1.0;1.0,red,Chile,Maipo Valley,Maipo,14.5,23.97,USD,1,3,4,4,4,"Currant and dark berry fruit with herbal spice, balanced acidity and firm polished tannins.",/wines/concha-y-toro-marques-de-casa-concha-cabernet-sauvignon-2021.webp,Wine.com,https://www.wine.com/product/concha-y-toro-marques-de-casa-concha-cabernet-sauvignon-2021/1490399,1490399
Montes Alpha Series Cabernet Sauvignon,Montes,2021,Cabernet Sauvignon,,red,Chile,Colchagua Valley,Colchagua,14.5,21.97,USD,1,4,2,4,4,"Blackcurrant and cassis with fresh acidity, rounded tannins and a substantial Chilean Cabernet palate.",/wines/montes-montes-alpha-series-cabernet-sauvignon-2021.webp,Wine.com,https://www.wine.com/product/montes-alpha-series-cabernet-sauvignon-2021/1246373,1246373
Lapostolle Cuvée Alexandre Carmenère,Lapostolle,2021,Carmenere;Merlot,97.0;3.0,red,Chile,Colchagua Valley,Apalta,14,29.99,USD,1,4,3,4,3,"Dark berry and herbal Carmenère with balanced freshness, polished tannin and savory spice.",/wines/lapostolle-lapostolle-cuvee-alexandre-carmenere-2021.webp,Wine.com,https://www.wine.com/product/lapostolle-cuvee-alexandre-carmenere-2021/1228490,1228490
Errázuriz Max Reserva Cabernet Sauvignon,Errázuriz,2021,Cabernet Sauvignon;Cabernet Franc;Petit Verdot,89.0;8.0;3.0,red,Chile,Aconcagua Valley,Aconcagua Valley,13.5,14.4,GBP,1,4,2,3,3,"Red and blue fruit, tobacco and spice with refreshing acidity, rounded body and soft-edged tannins.",/wines/errazuriz-errazuriz-max-reserva-cabernet-sauvignon-2021.webp,Wine Direct UK,https://www.winedirect.co.uk/wine/errazuriz-max-reserva-cabernet-sauvignon-2021,
Penfolds Bin 389 Cabernet Shiraz,Penfolds,2021,Cabernet Sauvignon;Shiraz,53.0;47.0,red,Australia,South Australia,South Australia,14.5,84.99,USD,1,3,4,4,5,"Powerful cassis, blackberry and plum with dense structure, polished tannins and substantial body.",/wines/penfolds-penfolds-bin-389-cabernet-shiraz-2021.webp,Wine.com,https://www.wine.com/product/penfolds-bin-389-cabernet-shiraz-2021/1698674,1698674
Mollydooker The Boxer Shiraz,Mollydooker,2022,Shiraz,,red,Australia,South Australia,South Australia,16,28.97,USD,2,3,2,5,5,"Very ripe dark fruit, mocha and clove with velvety texture, high alcohol and plush full body.",/wines/mollydooker-mollydooker-the-boxer-shiraz-2022.webp,Wine.com,https://www.wine.com/product/mollydooker-the-boxer-shiraz-2022/1952691,1952691
Cloudy Bay Sauvignon Blanc,Cloudy Bay,2023,Sauvignon Blanc,,white,New Zealand,Marlborough,Marlborough,13.07,33.99,USD,1,5,1,3,5,Intensely aromatic citrus and tropical fruit with vivid acidity and a crisp dry finish.,/wines/cloudy-bay-cloudy-bay-sauvignon-blanc-2023.webp,Wine.com,https://www.wine.com/product/cloudy-bay-sauvignon-blanc-2023/1714432,1714432
Kim Crawford Sauvignon Blanc,Kim Crawford,2023,Sauvignon Blanc,,white,New Zealand,Marlborough,Marlborough,12.5,15.97,USD,1,5,1,3,4,"Passionfruit, citrus and herbaceous notes with high acidity and a lively dry finish.",/wines/kim-crawford-kim-crawford-sauvignon-blanc-2023.webp,Wine.com,https://www.wine.com/product/kim-crawford-sauvignon-blanc-2023/1532336,1532336
Loosen Bros. Dr. L Riesling,Loosen Bros.,2023,Riesling,,white,Germany,Mosel,Mosel,8.5,12.97,USD,3,5,1,2,5,"Fruit-driven Mosel Riesling with ripe apple, apricot and floral notes, crisp acidity and noticeable sweetness.",/wines/loosen-bros-loosen-bros-dr-l-riesling-2023.webp,Wine.com,https://www.wine.com/product/loosen-bros-dr-l-riesling-2023/2268074,2268074
Saracco Moscato d'Asti,Paolo Saracco,2025,Moscato Bianco,,sparkling,Italy,Piedmont,Asti,6,17.97,USD,4,4,1,2,3,"Fragrant orange blossom, peach and herbs with lively bubbles, pronounced sweetness and enough acidity to stay refreshing.",/wines/paolo-saracco-saracco-moscato-d-asti-2025.webp,Wine.com,https://www.wine.com/product/saracco-moscato-dasti-2025/4126897,4126897
Michele Chiarlo Nivole Moscato d'Asti,Michele Chiarlo,2025,Moscato Bianco,,sparkling,Italy,Piedmont,Asti,5,24.99,USD,4,4,1,1,5,"Aromatic mango, passion fruit, lime zest and flowers in a light, sweet, gently sparkling style.",/wines/michele-chiarlo-michele-chiarlo-nivole-moscato-d-asti-2025.webp,Wine.com,https://www.wine.com/product/michele-chiarlo-nivole-moscato-dasti-2025/4127053,4127053
La Spinetta Bricco Quaglia Moscato d'Asti,La Spinetta,2025,Moscato Bianco,,sparkling,Italy,Piedmont,Asti,5.5,21.97,USD,3,5,1,2,5,"Lightly sweet and highly aromatic with mango, lime, wildflowers, lychee, peach and candied citrus over a crisp finish.",/wines/la-spinetta-la-spinetta-bricco-quaglia-moscato-d-asti-2025.webp,Wine.com,https://www.wine.com/product/la-spinetta-bricco-quaglia-moscato-dasti-2025/4123153,4123153
Elio Perrone Sourgal Moscato d'Asti,Elio Perrone,2025,Moscato Bianco,,sparkling,Italy,Piedmont,Asti,7,24.97,USD,3,4,1,2,3,"Fresh orange flower, yellow peach and sage aromas with classic Muscat fruit and delicate sweetness.",/wines/elio-perrone-elio-perrone-sourgal-moscato-d-asti-2025.webp,Wine.com,https://www.wine.com/product/elio-perrone-moscato-dasti-sourgal-2025/4122227,4122227
Marenco Scrapona Moscato d'Asti,Marenco,2024,Moscato Bianco,,sparkling,Italy,Piedmont,Asti,5.5,26.97,USD,4,4,1,2,5,"Sweet and aromatic with lime, apricot, orange blossom and passion fruit, carried by a fine lively perlage.",/wines/marenco-marenco-scrapona-moscato-d-asti-2024.webp,Marenco,https://shop.marencovini.com/prodotto/scrapona-moscato-dasti-docg-en/?lang=en,scrapona-moscato-dasti
Risata Moscato d'Asti,Risata,2024,Moscato Bianco,,sparkling,Italy,Piedmont,Asti,5.5,12.99,USD,4,4,1,2,4,"Sweet, fragrant Moscato with juicy stone fruit, tart citrus, floral honey and soft effervescence.",/wines/risata-risata-moscato-d-asti-2024.webp,Risata,https://www.risatawines.com/wine/moscato-dasti/,risata-moscato-dasti-2024
Bartenura Moscato,Bartenura,,Moscato,,white,Italy,Piedmont,Asti,5,17.99,USD,4,4,1,1,4,"Sweet and light with peachy perfume, fresh grape and floral fruit character.",/wines/bartenura-bartenura-moscato-nv.webp,Bartenura,https://www.bartenurawines.com/bartenura-moscato-15435.html,bartenura-moscato
Seven Daughters Moscato,Seven Daughters,2024,Moscato,,white,Italy,Veneto,Veneto,7.5,11.49,USD,4,4,1,2,5,"Sweet Moscato with peach, honeysuckle, citrus and stone-fruit notes plus a subtle effervescence.",/wines/seven-daughters-seven-daughters-moscato-2024.webp,Seven Daughters,https://www.sevendaughters.com/,seven-daughters-moscato-2024
Barefoot Moscato,Barefoot,,Moscato,,white,United States,California,Modesto,9,6.99,USD,4,5,1,2,5,"Lively sweet Moscato showing pineapple, orange blossom, peach, honey and lemon zest with crisp balancing acidity.",/wines/barefoot-barefoot-moscato-nv.webp,Barefoot,https://www.barefootwine.com/moscato.html,barefoot-moscato
[yellow tail] Moscato,[yellow tail],,Moscato,,white,Australia,South Eastern Australia,South Eastern Australia,7.5,6.49,USD,4,4,1,2,5,"Sweet and lightly fizzy with white peach, passion fruit, orange blossom, kiwi and melon.",/wines/yellow-tail-yellow-tail-moscato-nv.webp,[yellow tail],https://www.yellowtailwine.com/en-us/product/moscato/,yellow-tail-moscato
Castello del Poggio Moscato,Castello del Poggio,,Moscato,,white,Italy,Piedmont,Provincia di Pavia,7,10.99,USD,3,2,1,2,2,"Soft, slightly sweet Moscato with peach, musk, honey and white-flower aromas.",/wines/castello-del-poggio-castello-del-poggio-moscato-nv.webp,Wine.com,https://www.wine.com/product/castello-del-poggio-moscato/440794,440794
Stella Rosa Moscato d'Asti,Stella Rosa,2024,Muscat Canelli,,sparkling,Italy,Piedmont,Asti,5.5,14.97,USD,4,4,1,2,4,"Low-alcohol, fruit-forward Moscato d'Asti with pronounced sweetness, floral Muscat character and gentle fizz.",/wines/stella-rosa-stella-rosa-moscato-d-asti-2024.webp,Wine.com,https://www.wine.com/product/stella-rosa-moscato-dasti/150153,150153
Braida Brachetto d'Acqui,Braida,2024,Brachetto,,sparkling,Italy,Piedmont,Brachetto d'Acqui,5.5,24.97,USD,4,4,1,1,3,"Sweet sparkling red with ripe red fruit, rose aromas and a smooth, delicate palate.",/wines/braida-braida-brachetto-d-acqui-2024.webp,Braida,https://www.braida.it/en/brachetto-dacqui/,braida-brachetto-dacqui-2024
Marenco Pineto Brachetto d'Acqui,Marenco,2025,Brachetto,,sparkling,Italy,Piedmont,Brachetto d'Acqui,5.5,16.99,USD,4,4,1,1,3,Aromatic sweet Brachetto with bright red-fruit and floral character in a light sparkling style.,/wines/marenco-marenco-pineto-brachetto-d-acqui-2025.webp,Marenco,https://shop.marencovini.com/shop-en/?lang=en,marenco-pineto-brachetto-2025
Medici Ermete Quercioli Reggiano Sweet,Medici Ermete,,Lambrusco Salamino;Lambrusco Marani,;,sparkling,Italy,Emilia-Romagna,Reggio Emilia,8.5,6.9,EUR,4,4,2,2,3,"Sweet ruby Lambrusco with violet, fresh red fruit and lively acidity; about 50 g/L residual sugar.",/wines/medici-ermete-medici-ermete-quercioli-reggiano-sweet-nv.webp,Medici Ermete,https://www.medici.it/en/prodotti/quercioli-reggiano-sweet/,quercioli-reggiano-sweet
Medici Ermete Quercioli Rosato Sweet,Medici Ermete,,Lambrusco Salamino;Lambrusco Marani,;,sparkling,Italy,Emilia-Romagna,Reggio Emilia,8,6.9,EUR,4,4,1,2,3,"Sweet sparkling rosé with violet and red-fruit aromas, fresh acidity and roughly 51 g/L residual sugar.",/wines/medici-ermete-medici-ermete-quercioli-rosato-sweet-nv.webp,Medici Ermete,https://www.medici.it/en/prodotti/quercioli-rosato-sweet/,quercioli-rosato-sweet
Medici Ermete Quintessenza Malvasia Spumante Sweet,Medici Ermete,,Malvasia di Candia,,sparkling,Italy,Emilia-Romagna,Colli di Scandiano e Canossa,7,7.2,EUR,5,4,1,2,4,"Sweet aromatic Malvasia spumante with fresh, lively fruit and approximately 75 g/L residual sugar.",/wines/medici-ermete-medici-ermete-quintessenza-malvasia-spumante-sweet-nv.webp,Medici Ermete,https://www.medici.it/en/prodotti/quintessenza-malvasia-spumante-dolce/,quintessenza-malvasia-spumante-dolce
Riunite Lambrusco Emilia IGT,Riunite,,Lambrusco,,sparkling,Italy,Emilia-Romagna,Emilia IGT,8,9.99,USD,3,2,2,2,4,"Soft, approachable and fruit-driven Lambrusco with gentle sparkle and noticeable sweetness.",/wines/riunite-riunite-lambrusco-emilia-igt-nv.webp,Riunite,https://shop.riunite.com/collections/wines,riunite-lambrusco-emilia-igt
Riunite Lambrusco Rosé Emilia IGT,Riunite,,Lambrusco,,sparkling,Italy,Emilia-Romagna,Emilia IGT,8,9.99,USD,4,4,1,1,4,"Bright sparkling rosé that is light, fresh, soft and fruity with an easy sweet profile.",/wines/riunite-riunite-lambrusco-rose-emilia-igt-nv.webp,Riunite,https://shop.riunite.com/products/riunite-lambrusco-rose-emilia-igt,riunite-lambrusco-rose-emilia-igt
Bartenura Malvasia,Bartenura,,Malvasia,,red,Italy,Piedmont,Piedmont,5,18.99,USD,3,3,2,2,3,"Semi-sweet low-alcohol red with vivid berry fruit, floral aromatics and a soft palate.",/wines/bartenura-bartenura-malvasia-nv.webp,Bartenura,https://www.bartenurawines.com/all-wines.html,bartenura-malvasia
Schloss Johannisberg Gelblack Riesling Feinherb,Schloss Johannisberg,2025,Riesling,,white,Germany,Rheingau,Johannisberg,12,18.9,EUR,3,5,1,3,3,"Off-dry single-vineyard Riesling with white flowers, lemon peel and pear over crisp, mineral acidity.",/wines/schloss-johannisberg-schloss-johannisberg-gelblack-riesling-feinherb-2025.webp,Schloss Johannisberg,https://schloss-johannisberg.de/qualitaetsstufen/gelblack/,gelblack-riesling-feinherb-2025
Schloss Johannisberg Rotlack Riesling Kabinett,Schloss Johannisberg,2024,Riesling,,white,Germany,Rheingau,Johannisberg,10,30.9,EUR,3,4,1,2,3,Kabinett Riesling balancing delicate residual sweetness with bright Rheingau acidity and mineral precision.,/wines/schloss-johannisberg-schloss-johannisberg-rotlack-riesling-kabinett-2024.webp,Schloss Johannisberg,https://schloss-johannisberg.de/,rotlack-riesling-kabinett-2024
Schloss Johannisberg Grünlack Riesling Spätlese,Schloss Johannisberg,2023,Riesling,,white,Germany,Rheingau,Johannisberg,8.5,48,EUR,3,4,1,3,4,"Riper Spätlese Riesling with concentrated fruit, noticeable sweetness and firm acidity.",/wines/schloss-johannisberg-schloss-johannisberg-grunlack-riesling-spatlese-2023.webp,Schloss Johannisberg,https://schloss-johannisberg.de/,grunlack-riesling-spatlese-2023
Schloss Johannisberg Rosalack Riesling Auslese,Schloss Johannisberg,2023,Riesling,,dessert,Germany,Rheingau,Johannisberg,7.5,100,EUR,4,5,1,4,5,Concentrated Auslese with rich ripe fruit and pronounced sweetness held in balance by high acidity.,/wines/schloss-johannisberg-schloss-johannisberg-rosalack-riesling-auslese-2023.webp,Schloss Johannisberg,https://schloss-johannisberg.de/,rosalack-riesling-auslese-2023
Schloss Johannisberg Purpurlack Riesling Beerenauslese,Schloss Johannisberg,2023,Riesling,,dessert,Germany,Rheingau,Johannisberg,6.5,200,EUR,5,5,1,4,5,"Very sweet Beerenauslese with botrytis-driven concentration, ripe fruit and intense acidity.",/wines/schloss-johannisberg-schloss-johannisberg-purpurlack-riesling-beerenauslese-2023.webp,Schloss Johannisberg,https://schloss-johannisberg.de/,purpurlack-riesling-beerenauslese-2023
Schloss Johannisberg Blaulack Riesling Trockenbeerenauslese,Schloss Johannisberg,2023,Riesling,,dessert,Germany,Rheingau,Johannisberg,6.5,375,EUR,5,5,1,5,5,"Extremely concentrated Trockenbeerenauslese with dense sweetness, botrytized fruit and powerful balancing acidity.",/wines/schloss-johannisberg-schloss-johannisberg-blaulack-riesling-trockenbeerenauslese-2023.webp,Schloss Johannisberg,https://schloss-johannisberg.de/,blaulack-riesling-trockenbeerenauslese-2023
Schloss Johannisberg Violettlack Riesling Eiswein,Schloss Johannisberg,2018,Riesling,,dessert,Germany,Rheingau,Johannisberg,7.5,375,EUR,5,5,1,5,5,Eiswein style Riesling combining intense frozen-grape sweetness with piercing acidity and concentrated fruit.,/wines/schloss-johannisberg-schloss-johannisberg-violettlack-riesling-eiswein-2018.webp,Schloss Johannisberg,https://schloss-johannisberg.de/,violettlack-riesling-eiswein-2018
Fritz Haag Brauneberger Juffer Riesling Kabinett,Fritz Haag,2024,Riesling,,white,Germany,Mosel,Brauneberger Juffer,8,34.99,USD,4,4,1,2,3,"Naturally sweet Kabinett with flinty mineral notes, flowers, tropical fruit and refreshing acidity.",/wines/fritz-haag-fritz-haag-brauneberger-juffer-riesling-kabinett-2024.webp,Fritz Haag,https://weingut-fritz-haag.de/en/wines/praedikatsweine/,fritz-haag-juffer-kabinett-2024
Fritz Haag Brauneberger Juffer Riesling Spätlese,Fritz Haag,2024,Riesling,,white,Germany,Mosel,Brauneberger Juffer,7.5,39.99,USD,4,4,1,3,4,"Sweet Spätlese with white blossom, stone fruit and green apple carried by elegant Mosel acidity.",/wines/fritz-haag-fritz-haag-brauneberger-juffer-riesling-spatlese-2024.webp,Fritz Haag,https://weingut-fritz-haag.de/en/wines/praedikatsweine/,fritz-haag-juffer-spatlese-2024
Fritz Haag Brauneberger Juffer Sonnenuhr Riesling Spätlese,Fritz Haag,2024,Riesling,,white,Germany,Mosel,Brauneberger Juffer Sonnenuhr,7.5,25.5,EUR,4,3,1,3,4,"Ripe, juicy Spätlese with tropical fruit, floral aromatics and a polished sweet-acid balance.",/wines/fritz-haag-fritz-haag-brauneberger-juffer-sonnenuhr-riesling-spatlese-2024.webp,Fritz Haag,https://weingut-fritz-haag.de/en/wines/praedikatsweine/,fritz-haag-juffer-sonnenuhr-spatlese-2024
Fritz Haag Brauneberger Juffer Riesling Auslese,Fritz Haag,2024,Riesling,,dessert,Germany,Mosel,Brauneberger Juffer,7.5,23.53,EUR,4,5,1,4,5,"Auslese with ripe yellow stone fruit and tropical character, substantial sweetness and vivid acidity.",/wines/fritz-haag-fritz-haag-brauneberger-juffer-riesling-auslese-2024.webp,Fritz Haag,https://weingut-fritz-haag.de/en/wines/praedikatsweine/,fritz-haag-juffer-auslese-2024
Fritz Haag Brauneberger Juffer Sonnenuhr Riesling Auslese,Fritz Haag,2024,Riesling,,dessert,Germany,Mosel,Brauneberger Juffer Sonnenuhr,7.5,34.5,EUR,4,5,1,4,4,"Rich single-vineyard Auslese with concentrated ripe fruit, floral complexity and high balancing acidity.",/wines/fritz-haag-fritz-haag-brauneberger-juffer-sonnenuhr-riesling-auslese-2024.webp,Fritz Haag,https://weingut-fritz-haag.de/en/wines/praedikatsweine/,fritz-haag-juffer-sonnenuhr-auslese-2024
Dönnhoff Oberhäuser Brücke Riesling Spätlese,Dönnhoff,2025,Riesling,,white,Germany,Nahe,Oberhäuser Brücke,8,29.5,EUR,4,5,1,3,3,"Naturally sweet Spätlese with flinty mineral character and sharp, refreshing acidity.",/wines/donnhoff-donnhoff-oberhauser-brucke-riesling-spatlese-2025.webp,Dönnhoff,https://shop.doennhoff.com/doennhoff-bruecke-reisling-spaetlese.html,doennhoff-oberhaeuser-bruecke-spaetlese-2025
Dr. Loosen Blue Slate Riesling Kabinett,Dr. Loosen,2023,Riesling,,white,Germany,Mosel,Middle Mosel,8,22,USD,3,4,1,4,3,"White peach, flowers and flinty minerality over a plush middle and firm, delicate finish.",/wines/dr-loosen-dr-loosen-blue-slate-riesling-kabinett-2023.webp,Wine.com,https://www.wine.com/product/dr-loosen-blue-slate-riesling-kabinett-2023/2601714,2601714
Maximin Grünhaus Herrenberg Riesling Spätlese,Maximin Grünhaus,2018,Riesling,,white,Germany,Mosel,Herrenberg,7.5,41.99,USD,4,4,1,4,5,"Lush sweet Riesling with apple, yellow peach and strawberry-rhubarb fruit, saline minerals and unusually full body.",/wines/maximin-grunhaus-maximin-grunhaus-herrenberg-riesling-spatlese-2018.webp,Wine.com,https://www.wine.com/product/maximin-grunhaus-herrenberg-riesling-spatlese-2018/559451,559451
RELAX Riesling,RELAX,,Riesling,,white,Germany,Mosel,Mosel,9.5,12.99,USD,3,4,1,2,5,"Fruity, slightly sweet Riesling with apple, peach and citrus; moderate residual sugar is balanced by lively acidity.",/wines/relax-relax-riesling-nv.webp,RELAX Wines,https://relaxwines.com/wines/riesling/,relax-riesling
Willi Schaefer Graacher Himmelreich Riesling Kabinett,Willi Schaefer,2025,Riesling,,white,Germany,Mosel,Graacher Himmelreich,8,29.9,EUR,3,4,1,2,3,"Delicate restsüß Kabinett with precise fruit, mineral character and a strong sweetness-acidity balance.",/wines/willi-schaefer-willi-schaefer-graacher-himmelreich-riesling-kabinett-2025.webp,Willi Schaefer,https://www.weingut-willi-schaefer.de/en/press/,willi-schaefer-himmelreich-kabinett-2025
Willi Schaefer Graacher Domprobst Riesling Kabinett #03,Willi Schaefer,2025,Riesling,,white,Germany,Mosel,Graacher Domprobst,8,29.9,EUR,4,4,1,1,3,"Fine sweet Kabinett emphasizing clarity, fruit and mineral acidity rather than weight.",/wines/willi-schaefer-willi-schaefer-graacher-domprobst-riesling-kabinett-03-2025.webp,Willi Schaefer,https://www.weingut-willi-schaefer.de/en/press/,willi-schaefer-domprobst-kabinett-03-2025
Willi Schaefer Graacher Himmelreich Riesling Spätlese,Willi Schaefer,2025,Riesling,,white,Germany,Mosel,Graacher Himmelreich,7.5,39,EUR,4,5,1,3,4,Sweet Spätlese with ripe fruit and a highly energetic acid backbone.,/wines/willi-schaefer-willi-schaefer-graacher-himmelreich-riesling-spatlese-2025.webp,Willi Schaefer,https://www.weingut-willi-schaefer.de/en/press/,willi-schaefer-himmelreich-spatlese-2025
Willi Schaefer Graacher Domprobst Riesling Spätlese #05,Willi Schaefer,2025,Riesling,,white,Germany,Mosel,Graacher Domprobst,7.5,42,EUR,4,4,1,3,3,"Concentrated sweet Spätlese combining ripe fruit, mineral depth and firm Mosel acidity.",/wines/willi-schaefer-willi-schaefer-graacher-domprobst-riesling-spatlese-05-2025.webp,Willi Schaefer,https://www.weingut-willi-schaefer.de/en/press/,willi-schaefer-domprobst-spatlese-05-2025
Château d'Yquem,Château d'Yquem,2023,Semillon;Sauvignon Blanc,;,dessert,France,Bordeaux,Sauternes,13.5,242.71,USD,5,4,1,5,5,"Exceptionally concentrated Sauternes with luscious botrytized fruit, citrus and floral complexity balanced by fresh acidity.",/wines/chateau-d-yquem-chateau-d-yquem-2023.webp,Château d'Yquem,https://www.yquem.fr/en,chateau-dyquem-2023
Château Suduiraut,Château Suduiraut,2021,Semillon,,dessert,France,Bordeaux,Sauternes,14,90,USD,5,4,1,4,5,"100% Sémillon Sauternes with floral, candied and roasted-fruit complexity, rich texture and persistent freshness.",/wines/chateau-suduiraut-chateau-suduiraut-2021.webp,Château Suduiraut,https://www.suduiraut.com/pdf/vin/en/chateau-suduiraut-2021-63.pdf,chateau-suduiraut-2021
Château Rieussec,Château Rieussec,2021,Semillon;Sauvignon Blanc,91.0;9.0,dessert,France,Bordeaux,Sauternes,14,208,CAD,5,4,1,4,5,"Rich Sauternes showing dried fruit, roasted pineapple, papaya and mango with a smooth but fresh finish.",/wines/chateau-rieussec-chateau-rieussec-2021.webp,Château Rieussec,https://rieussecaparisdiary.lafite.com/,chateau-rieussec-2021
Château Coutet,Château Coutet,2024,Semillon;Sauvignon Blanc;Muscadelle,98.9;1.0;0.1,dessert,France,Bordeaux,Barsac,13.5,45.38,USD,5,4,1,4,3,"Lively Barsac with white blossom, citrus, honey and vanilla that develops toward candied and tropical fruit.",/wines/chateau-coutet-chateau-coutet-2024.webp,Château Coutet,https://www.chateaucoutet.com/en/the-wines/chateau-coutet/,chateau-coutet-2024
Château Climens,Château Climens,2023,Semillon,,dessert,France,Bordeaux,Barsac,13.5,150,EUR,5,4,1,4,3,"Concentrated Barsac from Sémillon, known for intense sweetness, citrus-toned freshness and long-lived complexity.",/wines/chateau-climens-chateau-climens-2023.webp,Château Climens,https://chateau-climens.com/en/,chateau-climens-2023
Château Guiraud,Château Guiraud,2021,Semillon;Sauvignon Blanc,65.0;35.0,dessert,France,Bordeaux,Sauternes,13.5,52,USD,4,4,1,4,2,"Dense Sauternes with exotic and floral notes, pronounced sweetness and notable freshness.",/wines/chateau-guiraud-chateau-guiraud-2021.webp,Château Guiraud,https://www.chateauguiraud.com/en,chateau-guiraud-2021
Château Doisy-Daëne,Château Doisy-Daëne,2022,Semillon;Sauvignon Blanc,;,dessert,France,Bordeaux,Barsac,13.5,54.3,USD,4,4,1,4,4,"Sweet Barsac with aromatic, concentrated fruit and the fresh acidity characteristic of the appellation.",/wines/chateau-doisy-daene-chateau-doisy-daene-2022.webp,Barsac,https://www.barsac.fr/chateau-doisy-daene/,chateau-doisy-daene-2022
Château Lafaurie-Peyraguey,Château Lafaurie-Peyraguey,2022,Semillon;Sauvignon Blanc;Muscadelle,;;,dessert,France,Bordeaux,Sauternes,13,92.48,EUR,4,4,1,4,3,"Concentrated Sauternes with citrus, acacia and mint-like freshness supporting a rich sweet palate.",/wines/chateau-lafaurie-peyraguey-chateau-lafaurie-peyraguey-2022.webp,Château Lafaurie-Peyraguey,https://www.lafauriepeyragueylalique.com/en/the-domain/vineyard/,chateau-lafaurie-peyraguey-2022
Château de Fargues,Château de Fargues,2022,Semillon;Sauvignon Blanc,;,dessert,France,Bordeaux,Sauternes,13.5,75,EUR,5,4,1,4,4,Luxurious Sauternes balancing candied fruit and floral richness with mineral freshness and acidity.,/wines/chateau-de-fargues-chateau-de-fargues-2022.webp,Château de Fargues,https://www.chateaudefargues.com/en/wine/,chateau-de-fargues-2022
Château Bastor-Lamontagne,Château Bastor-Lamontagne,2019,Semillon;Sauvignon Blanc,;,dessert,France,Bordeaux,Sauternes,13,29,EUR,4,4,1,4,4,"Sweet Sauternes with orange, mango, honey and spice character and a comparatively fresh, approachable profile.",/wines/chateau-bastor-lamontagne-chateau-bastor-lamontagne-2019.webp,Château Bastor-Lamontagne,https://www.chateaubastorlamontagne.fr/,chateau-bastor-lamontagne-2019
Royal Tokaji Aszú 5 Puttonyos,Royal Tokaji,2018,Furmint;Harslevelu;Sarga Muskotaly,;;,dessert,Hungary,Tokaj,Tokaj,11.5,63,USD,5,5,1,4,3,"Very sweet Aszú with grapefruit, apricot, spice and floral notes; rich concentration is sharpened by high acidity.",/wines/royal-tokaji-royal-tokaji-aszu-5-puttonyos-2018.webp,Royal Tokaji,https://royal-tokaji.com/portfolio/royal-tokaji-aszu-5-puttonyos-2018/,royal-tokaji-aszu-5-puttonyos-2018
Grand Tokaj Terroir Selection 5 Puttonyos Aszú,Grand Tokaj,2019,Furmint;Harslevelu,;,dessert,Hungary,Tokaj,Tokaj,9.5,10990,HUF,5,5,1,4,5,"Classic Tokaji Aszú with intensely sweet botrytized fruit, substantial concentration and high balancing acidity.",/wines/grand-tokaj-grand-tokaj-terroir-selection-5-puttonyos-aszu-2019.webp,Grand Tokaj,https://grandtokaj.com/en/our-wines/,grand-tokaj-terroir-5-puttonyos-2019
Grand Tokaj Classic Selection 5 Puttonyos Aszú,Grand Tokaj,2019,Furmint;Harslevelu,;,dessert,Hungary,Tokaj,Tokaj,10.7,7590,HUF,5,4,1,4,4,Rich five-puttonyos Aszú combining dried and ripe fruit sweetness with vibrant Tokaj acidity.,/wines/grand-tokaj-grand-tokaj-classic-selection-5-puttonyos-aszu-2019.webp,Grand Tokaj,https://grandtokaj.com/en/our-wines/,grand-tokaj-classic-5-puttonyos-2019
Grand Tokaj Terroir Selection Sweet Szamorodni,Grand Tokaj,2021,Furmint;Harslevelu;Muscat Blanc,;;,dessert,Hungary,Tokaj,Tokaj,10.2,3990,HUF,4,4,1,4,4,"Sweet Szamorodni with botrytized fruit, aromatic Muscat lift and firm acidity that keeps the palate lively.",/wines/grand-tokaj-grand-tokaj-terroir-selection-sweet-szamorodni-2021.webp,Grand Tokaj,https://grandtokaj.com/en/our-wines/,grand-tokaj-terroir-sweet-szamorodni-2021
Grand Tokaj Classic Selection Sweet Szamorodni,Grand Tokaj,2021,Furmint;Harslevelu;Muscat Blanc,;;,dessert,Hungary,Tokaj,Tokaj,10.8,2590,HUF,4,4,1,4,4,"Sweet Tokaji with ripe and dried fruit character, floral aromatics and a fresh acid backbone.",/wines/grand-tokaj-grand-tokaj-classic-selection-sweet-szamorodni-2021.webp,Grand Tokaj,https://grandtokaj.com/en/our-wines/,grand-tokaj-classic-sweet-szamorodni-2021
Inniskillin Vidal Icewine VQA,Inniskillin,,Vidal,,dessert,Canada,Ontario,Niagara Peninsula,9.5,59.98,CAD,5,5,1,4,5,"Intensely sweet Vidal Icewine with mango, apricot, honey, peach and candied brown sugar cut by crisp acidity.",/wines/inniskillin-inniskillin-vidal-icewine-vqa-nv.webp,Inniskillin,https://www.inniskillin.com/products/icewine/,inniskillin-vidal-icewine
Inniskillin Riesling Icewine VQA,Inniskillin,,Riesling,,dessert,Canada,Ontario,Niagara Peninsula,9.5,90.49,CAD,5,5,1,4,5,"Concentrated Riesling Icewine with tropical fruit, lemon and lime flavors plus very high refreshing acidity.",/wines/inniskillin-inniskillin-riesling-icewine-vqa-nv.webp,Inniskillin,https://www.inniskillin.com/products/white/inniskillin-riesling-icewine-200-ml/,inniskillin-riesling-icewine
Inniskillin Cabernet Franc Icewine VQA,Inniskillin,,Cabernet Franc,,dessert,Canada,Ontario,Niagara Peninsula,9.5,124.39,CAD,5,4,2,4,5,"Rich red Icewine with rhubarb, raspberry, cherry and strawberry-cream character supported by bright acidity.",/wines/inniskillin-inniskillin-cabernet-franc-icewine-vqa-nv.webp,Inniskillin,https://www.inniskillin.com/products/red/inniskillin-cabernet-franc-icewine-375-ml/,inniskillin-cabernet-franc-icewine
Inniskillin Sparkling Cabernet Franc Icewine VQA,Inniskillin,,Cabernet Franc,,sparkling,Canada,Ontario,Niagara Peninsula,9.5,130.04,CAD,5,5,2,4,5,"Sparkling Icewine with strawberry, cherry and rhubarb concentration, pronounced sweetness and crisp acidity.",/wines/inniskillin-inniskillin-sparkling-cabernet-franc-icewine-vqa-nv.webp,Inniskillin,https://www.inniskillin.com/products/icewine/inniskillin-sparkling-cabernet-franc-icewine-375-ml/,inniskillin-sparkling-cabernet-franc-icewine
Pillitteri Reserve Vidal Icewine,Pillitteri Estates Winery,2016,Vidal,,dessert,Canada,Ontario,Niagara-on-the-Lake,11,50,CAD,5,4,1,4,5,"Very sweet Vidal Icewine with pear, lychee syrup, candied citrus, peach and tropical spice balanced by cleansing acidity.",/wines/pillitteri-estates-winery-pillitteri-reserve-vidal-icewine-2016.webp,Pillitteri Estates,https://store.pillitteri.com/products/reserve-vidal-icewine-200ml,pillitteri-reserve-vidal-icewine-2016
Graham's Six Grapes Reserve Ruby Port,Graham's,,Touriga Nacional;Touriga Franca;Tinta Roriz;Tinta Barroca;Tinta Cao,;;;;,fortified,Portugal,Douro,Douro Valley,19.5,26.99,USD,4,3,4,5,5,"Full, fruit-driven reserve Ruby Port with ripe plum, cherry and dark berry intensity over firm structure.",/wines/graham-s-graham-s-six-grapes-reserve-ruby-port-nv.webp,Graham's,https://www.grahams-port.com/wine/six-grapes/5,grahams-six-grapes
Graham's The Tawny,Graham's,,Touriga Nacional;Touriga Franca;Tinta Roriz;Tinta Barroca;Tinta Cao,;;;;,fortified,Portugal,Douro,Douro Valley,20,24.99,USD,4,3,2,4,2,"Smooth Tawny Port emphasizing mature red fruit, nuts and gentle oxidative complexity.",/wines/graham-s-graham-s-the-tawny-nv.webp,Graham's,https://www.grahams-port.com/wines,grahams-the-tawny
Graham's 30 Years Old Tawny Port,Graham's,,Touriga Nacional;Touriga Franca;Tinta Roriz;Tinta Barroca;Tinta Cao,;;;;,fortified,Portugal,Douro,Douro Valley,20,145.99,USD,4,4,1,4,3,"Deeply mature thirty-year Tawny with concentrated dried fruit, nuts, caramelized complexity and balancing freshness.",/wines/graham-s-graham-s-30-years-old-tawny-port-nv.webp,Graham's,https://www.grahams-port.com/wines,grahams-30-year-tawny
Graham's Fine Ruby Port,Graham's,,Touriga Nacional;Touriga Franca;Tinta Roriz;Tinta Barroca;Tinta Cao,;;;;,fortified,Portugal,Douro,Douro Valley,19,16.49,USD,4,3,3,4,4,Youthful sweet Ruby Port centered on ripe red and black fruit with moderate structure.,/wines/graham-s-graham-s-fine-ruby-port-nv.webp,Graham's,https://www.grahams-port.com/wines,grahams-fine-ruby
Graham's Fine Tawny Port,Graham's,,Touriga Nacional;Touriga Franca;Tinta Roriz;Tinta Barroca;Tinta Cao,;;;;,fortified,Portugal,Douro,Douro Valley,19,16.99,USD,4,3,1,3,2,"Accessible sweet Tawny with softened fruit, nutty notes and lighter oxidative character.",/wines/graham-s-graham-s-fine-tawny-port-nv.webp,Graham's,https://www.grahams-port.com/wines,grahams-fine-tawny
Graham's Fine White Port,Graham's,,Malvasia Fina;Viosinho;Rabigato;Codega do Larinho;Moscatel Galego Branco,;;;;,fortified,Portugal,Douro,Douro Valley,19,19.99,USD,4,4,1,3,4,"Sweet White Port with ripe orchard and citrus fruit, moderate richness and fresh acidity.",/wines/graham-s-graham-s-fine-white-port-nv.webp,Graham's,https://www.grahams-port.com/wines,grahams-fine-white
Graham's Late Bottled Vintage Port,Graham's,2019,Touriga Nacional;Touriga Franca;Tinta Roriz;Tinta Barroca;Tinta Cao,;;;;,fortified,Portugal,Douro,Douro Valley,19.5,28.97,USD,4,3,4,4,4,"Dense LBV Port with sweet concentrated dark fruit, substantial structure and a long finish.",/wines/graham-s-graham-s-late-bottled-vintage-port-2019.webp,Graham's,https://www.grahams-port.com/wines,grahams-lbv-2019
Fonseca Bin 27 Reserve Port,Fonseca,,Touriga Nacional;Touriga Franca;Tinta Roriz;Tinta Barroca;Tinta Cao,;;;;,fortified,Portugal,Douro,Douro Valley,20,23,USD,4,3,2,5,5,"Full and rounded reserve Port with blackberry, cassis, cherry, plum and spice over soft velvety tannins.",/wines/fonseca-fonseca-bin-27-reserve-port-nv.webp,Fonseca,https://fonseca.pt/en/port-wine/full-bodied-and-fruity/bin27,fonseca-bin-27
Taylor Fladgate Late Bottled Vintage Port,Taylor Fladgate,2020,Touriga Nacional;Touriga Franca;Tinta Roriz;Tinta Barroca;Tinta Cao,;;;;,fortified,Portugal,Douro,Douro Valley,20,24.97,USD,4,3,4,4,4,"Rich LBV Port with concentrated berry fruit, sweetness and firm tannic structure.",/wines/taylor-fladgate-taylor-fladgate-late-bottled-vintage-port-2020.webp,Taylor Fladgate,https://www.taylor.pt/us/port-wine/late-bottled-vintage,taylor-fladgate-lbv-2020
Dow's Late Bottled Vintage Port,Dow's,2020,Touriga Nacional;Touriga Franca;Tinta Roriz;Tinta Barroca;Tinta Cao,;;;;,fortified,Portugal,Douro,Douro Valley,20,21.98,USD,4,3,4,5,3,"Full, generous LBV with dark fruit and peppery tannins, finishing slightly drier than many Ports.",/wines/dow-s-dow-s-late-bottled-vintage-port-2020.webp,Dow's,https://www.dows-port.com/wine-cat/late-bottled-vintage?year=2020,dows-lbv-2020
Sandeman Founder's Reserve Port,Sandeman,,Touriga Nacional;Touriga Franca;Tinta Roriz;Tinta Barroca;Tinta Cao,;;;;,fortified,Portugal,Douro,Douro Valley,20,16,USD,5,3,2,4,4,"Rich reserve Port with abundant red fruit, powerful sweetness and a rounded palate.",/wines/sandeman-sandeman-founder-s-reserve-port-nv.webp,Sandeman,https://www.sandeman.com/port-wine/ruby/porto-founders-reserve-2020/,sandeman-founders-reserve
Cockburn's Special Reserve Port,Cockburn's,,Touriga Nacional;Touriga Franca;Tinta Roriz;Tinta Barroca;Tinta Cao,;;;;,fortified,Portugal,Douro,Douro Valley,20,16,USD,4,3,2,4,3,"Sweet reserve Port with youthful dark fruit, peppery spice, soft texture and velvety weight.",/wines/cockburn-s-cockburn-s-special-reserve-port-nv.webp,Cockburn's,https://www.cockburns.com/wine/cockburn-s-special-reserve/1,cockburns-special-reserve
Quinta do Noval Black Reserve Port,Quinta do Noval,,Touriga Nacional;Touriga Franca;Tinta Roriz;Tinto Cao;Sousao,;;;;,fortified,Portugal,Douro,Douro Valley,19.5,21.99,USD,4,3,2,4,4,"Modern reserve Port with generous ripe fruit, smooth texture and rich sweet character.",/wines/quinta-do-noval-quinta-do-noval-black-reserve-port-nv.webp,Quinta do Noval,https://www.quintadonoval.com/en/vin/22/noval-black-reserve,quinta-do-noval-black
Lustau Pedro Ximénez San Emilio,Lustau,,Pedro Ximenez,,fortified,Spain,Andalusia,Jerez,17,24.6,EUR,5,2,1,4,5,"Very sweet Pedro Ximénez with fig, raisin and date aromas, a dense velvety palate and long finish.",/wines/lustau-lustau-pedro-ximenez-san-emilio-nv.webp,Lustau,https://lustau.es/en/coleccion/sherry-wines%2Csolera-familiar-en/pedro-ximenez-san-emilio/,lustau-px-san-emilio
Lustau Pedro Ximénez VORS 30 Years,Lustau,,Pedro Ximenez,,fortified,Spain,Andalusia,Jerez,15,69.85,EUR,5,3,1,5,3,"Extremely concentrated aged Pedro Ximénez with deep dried-fruit, molasses and oxidative complexity.",/wines/lustau-lustau-pedro-ximenez-vors-30-years-nv.webp,Lustau,https://lustau.es/en/shop/estilo/pedro-ximenez-en/,lustau-px-vors-30
Lustau Pedro Ximénez Murillo Centenario,Lustau,,Pedro Ximenez,,fortified,Spain,Andalusia,Jerez,17,27.35,EUR,5,3,1,5,5,"Mature sweet Pedro Ximénez with intense raisin, fig and dark caramel notes and a full syrupy texture.",/wines/lustau-lustau-pedro-ximenez-murillo-centenario-nv.webp,Lustau,https://lustau.es/en/shop/estilo/pedro-ximenez-en/,lustau-px-murillo-centenario
Lustau East India Solera,Lustau,,Palomino;Pedro Ximenez,;,fortified,Spain,Andalusia,Jerez,20,23,EUR,4,3,1,4,3,Sweet cream Sherry marrying mature Palomino nuttiness with Pedro Ximénez richness and dried-fruit character.,/wines/lustau-lustau-east-india-solera-nv.webp,Lustau,https://lustau.es/en/range/sherry-wines/,lustau-east-india-solera
González Byass Néctar Pedro Ximénez,González Byass,,Pedro Ximenez,,fortified,Spain,Andalusia,Jerez,15,29.99,USD,5,3,1,4,5,"Dense sweet Pedro Ximénez with fig, date and raisin flavors, silky texture and enough acidity for balance.",/wines/gonzalez-byass-gonzalez-byass-nectar-pedro-ximenez-nv.webp,González Byass,https://www.gonzalezbyass.com/en/wineries-brands/gonzalez-byass-0,gonzalez-byass-nectar-px
González Byass Solera 1847,González Byass,,Palomino Fino;Pedro Ximenez,75.0;25.0,fortified,Spain,Andalusia,Jerez,18,22.99,USD,4,3,2,4,2,"Sweet cream Sherry with raisin, vanilla, oak and hazelnut leading to dates and caramel on a smooth palate.",/wines/gonzalez-byass-gonzalez-byass-solera-1847-nv.webp,González Byass,https://www.gonzalezbyass.com/en/wineries-brands/gonzalez-byass-0,gonzalez-byass-solera-1847
Osborne Pedro Ximénez 1827,Osborne,,Pedro Ximenez,,fortified,Spain,Andalusia,Jerez,17,27.97,USD,5,2,1,5,5,"Very sweet full-bodied PX with raisins, figs, dates, coffee and oak over a velvety texture.",/wines/osborne-osborne-pedro-ximenez-1827-nv.webp,Osborne,https://portfolio.osborneinternationalsite.com/pdf/catalogue.pdf,osborne-px-1827
Broadbent 10 Year Old Malmsey Madeira,Broadbent,,Malvasia,,fortified,Portugal,Madeira,Madeira,19,52.97,USD,4,4,1,4,2,"Rich sweet Madeira with toffee, mandarin and floral notes, lifted by Madeira's characteristic acidity.",/wines/broadbent-broadbent-10-year-old-malmsey-madeira-nv.webp,Broadbent,https://broadbent.com/producers/broadbent-madeira/,broadbent-10-year-malmsey
Broadbent 10 Year Boal Madeira,Broadbent,,Boal,,fortified,Portugal,Madeira,Madeira,19,54.99,USD,3,4,1,4,2,"Medium-sweet Madeira with toffee, cocoa and pecan character balanced by lively acidity.",/wines/broadbent-broadbent-10-year-boal-madeira-nv.webp,Broadbent,https://broadbent.com/producers/broadbent-madeira/,broadbent-10-year-boal
Broadbent 3 Year Fine Rich Sweet Madeira,Broadbent,,Tinta Negra,,fortified,Portugal,Madeira,Madeira,19,36.97,USD,4,4,1,5,2,"Full-bodied sweet Madeira with grapefruit, coffee, caramel, molasses and spice.",/wines/broadbent-broadbent-3-year-fine-rich-sweet-madeira-nv.webp,Broadbent,https://broadbent.com/producers/broadbent-madeira/,broadbent-3-year-fine-rich
Bartenura Sparkling Moscato Rosé,Bartenura,,Moscato,,sparkling,Italy,Piedmont,Asti,7.5,19.99,USD,4,4,1,2,3,"Sweet sparkling rosé with bright aromatic fruit, floral notes and refreshing bubbles.",/wines/bartenura-bartenura-sparkling-moscato-rose-nv.webp,Bartenura,https://www.bartenurawines.com/all-wines.html,bartenura-sparkling-moscato-rose
Bartenura Brachetto,Bartenura,,Brachetto,,sparkling,Italy,Piedmont,Asti,6,17.99,USD,4,4,1,2,3,Sweet low-alcohol Brachetto with fragrant berry and floral character in a lively red sparkling style.,/wines/bartenura-bartenura-brachetto-nv.webp,Bartenura,https://www.bartenurawines.com/all-wines.html,bartenura-brachetto
Risata Pink Moscato,Risata,,Moscato,,rosé,Italy,Piedmont,Northern Italy,5.5,15.99,USD,4,4,1,2,4,"Sweet, juicy pink Moscato with red-fruit character, floral aromatics and gentle effervescence.",/wines/risata-risata-pink-moscato-nv.webp,Risata,https://www.risatawines.com/our-wines/,risata-pink-moscato
Risata Red Moscato,Risata,,Moscato;Brachetto;Malvasia Rosso,85.0;10.0;5.0,red,Italy,Piedmont,Northern Italy,5.5,15.99,USD,4,3,2,2,4,"Sweet, creamy and effervescent red Moscato emphasizing ripe berry fruit.",/wines/risata-risata-red-moscato-nv.webp,Risata,https://www.risatawines.com/our-wines/,risata-red-moscato
Barefoot Pink Moscato,Barefoot,,Moscato,,rosé,United States,California,Modesto,9,6.99,USD,4,3,1,2,5,"Deliciously sweet pink Moscato with cherry, raspberry and pomegranate-like red fruit.",/wines/barefoot-barefoot-pink-moscato-nv.webp,Barefoot,https://www.barefootwine.com/shop/wines/,barefoot-pink-moscato
[yellow tail] Pink Moscato,[yellow tail],,Moscato,,rosé,Australia,South Eastern Australia,South Eastern Australia,7.5,6.49,USD,4,5,1,2,5,"Sweet lightly fizzy rosé with strawberry, musk, pomegranate, red apple and a fresh crisp finish.",/wines/yellow-tail-yellow-tail-pink-moscato-nv.webp,[yellow tail],https://www.yellowtailwine.com/int/product/pink-moscato-2/,yellow-tail-pink-moscato
Quady Essensia Orange Muscat,Quady Winery,2023,Orange Muscat,,dessert,United States,California,San Joaquin Valley,15,24,USD,4,4,1,4,5,"Fortified sweet Orange Muscat with intense citrus blossom, orange marmalade and spice balanced by fresh acidity.",/wines/quady-winery-quady-essensia-orange-muscat-2023.webp,Quady Winery,https://www.quadywinery.com/press-trade/,quady-essensia-2023
Quady Elysium Black Muscat,Quady Winery,2023,Black Muscat,,dessert,United States,California,San Joaquin Valley,15,24,USD,4,4,1,4,5,"Lush fortified dessert wine with rose, boysenberry, cherry and berry-preserve flavors plus balancing fruit acidity.",/wines/quady-winery-quady-elysium-black-muscat-2023.webp,Quady Winery,https://www.quadywinery.com/press-trade/,quady-elysium-2023
Quady Electra Moscato,Quady Winery,2023,Orange Muscat;Muscat Canelli,75.0;25.0,white,United States,California,San Joaquin Valley,4.5,12.99,USD,4,5,1,1,5,"Sweet low-alcohol Moscato with citrus, peach, melon and wildflowers; delicate bubbles and elevated acidity keep it crisp.",/wines/quady-winery-quady-electra-moscato-2023.webp,Quady Winery,https://www.quadywinery.com/wp-content/uploads/2025/12/SellSheet_ET22.pdf,quady-electra-2023
Quady Red Electra Moscato,Quady Winery,2024,Black Muscat;Orange Muscat;Muscat Canelli,;;,red,United States,California,San Joaquin Valley,5.5,12.99,USD,5,4,1,2,5,"Very sweet frizzante red Moscato with sun-ripened cherry, berry and tart pomegranate character.",/wines/quady-winery-quady-red-electra-moscato-2024.webp,Quady Winery,https://www.quadywinery.com/press-trade/,quady-red-electra-2024
Quady Electra Moscato Rosé,Quady Winery,2023,Black Muscat;Orange Muscat;Muscat Canelli,;;,rosé,United States,California,San Joaquin Valley,5.5,12.99,USD,4,5,1,2,5,"Delicately sweet frizzante rosé with strawberry, dragon fruit, floral Muscat aromas and bright zesty acidity.",/wines/quady-winery-quady-electra-moscato-rose-2023.webp,Quady Winery,https://www.quadywinery.com/wp-content/uploads/2026/01/SellSheet_EP23_2026.pdf,quady-electra-rose-2023
Quady Starboard Batch 88,Quady Winery,,Tinta Roriz;Tinta Cao;Tinta Amarela;Touriga Nacional;Tinta Francesca;Tinta Barocca;Bastardo,;;;;;;,fortified,United States,California,San Joaquin Valley,20,24.99,USD,4,3,3,4,4,"Sweet port-style fortified wine with ripe fruit, chocolate raisin, dried fig and nutty maturity.",/wines/quady-winery-quady-starboard-batch-88-nv.webp,Quady Winery,https://www.quadywinery.com/trade-items/sell-sheets/StarboardBatch880218.pdf,quady-starboard-batch-88
Medici Ermete Bocciolo Lambrusco Grasparossa Sweet,Medici Ermete,2025,Lambrusco Grasparossa,,sparkling,Italy,Emilia-Romagna,Reggio Emilia,7.5,7.5,EUR,4,4,2,3,4,"Sweet ruby sparkling Lambrusco with violet, persistent fruit and a fresh lively palate; about 67 g/L residual sugar.",/wines/medici-ermete-medici-ermete-bocciolo-lambrusco-grasparossa-sweet-2025.webp,Medici Ermete,https://www.medici.it/en/prodotti/bocciolo-2/,medici-bocciolo-2025
Medici Ermete Nebbie d'Autunno Malvasia Sweet,Medici Ermete,2025,Malvasia di Candia,,sparkling,Italy,Emilia-Romagna,Reggio Emilia,4,7.5,EUR,5,4,1,1,4,"Very sweet, low-alcohol partially fermented Malvasia with intense aromatics, freshness and roughly 114 g/L residual sugar.",/wines/medici-ermete-medici-ermete-nebbie-d-autunno-malvasia-sweet-2025.webp,Medici Ermete,https://www.medici.it/en/prodotti/nebbie-dautunno-malvasia-sweet/,medici-nebbie-dautunno-2025
Klein Constantia Vin de Constance,Klein Constantia,2021,Muscat de Frontignan,,dessert,South Africa,Western Cape,Constantia,14,1575,ZAR,5,4,1,4,4,"Historic sweet Muscat with citrus marmalade and frangipani aromas, full-bodied concentration and excellent acidity.",/wines/klein-constantia-klein-constantia-vin-de-constance-2021.webp,Klein Constantia,https://www.kleinconstantia.com/product/vin-de-constance-2021/,klein-constantia-vin-de-constance-2021
Inniskillin 50th Anniversary Single Vineyard Riesling Icewine,Inniskillin,2024,Riesling,,dessert,Canada,Ontario,Niagara River,9.5,176.96,CAD,5,4,1,4,5,"Concentrated Riesling Icewine with citrus, lemongrass, honeydew and lime, supported by vivid fresh acidity.",/wines/inniskillin-inniskillin-50th-anniversary-single-vineyard-riesling-icewine-2024.webp,Inniskillin,https://www.inniskillin.com/series/50th-anniversary/inniskillin-50th-anniversary-edition-single-vineyard-riesling-icewine/,inniskillin-50th-riesling-icewine-2024
Konzelmann Vidal Icewine,Konzelmann Estate Winery,2022,Vidal,,dessert,Canada,Ontario,Niagara-on-the-Lake,9.5,49.95,CAD,4,5,1,4,5,"Sweet Vidal Icewine with tangerine, zesty lemon and honey character plus concentrated fruit and high acidity.",/wines/konzelmann-estate-winery-konzelmann-vidal-icewine-2022.webp,Konzelmann Estate Winery,https://store.konzelmann.ca/collection/icewine/,konzelmann-vidal-icewine-2022
